order_id,product_id,product_name,category,price,quantity,customer_id,purchase_timestamp,customer_age,customer_location,total_price
1,52,Product B,Electronics,138.93,4,188,2023-06-06 04:00:00,33,California,555.72
2,93,Product C,Electronics,186.47,1,230,2023-01-12 13:00:00,33,California,186.47
3,15,Product D,Clothing,52.94,4,168,2023-03-19 11:00:00,25,Texas,211.76
4,72,Product D,Beauty,469.11,3,114,2023-09-05 01:00:00,46,Florida,1407.33
5,61,Product A,Home,281.36,1,252,2023-10-11 00:00:00,56,Texas,281.36
6,21,Product D,Home,159.71,1,107,2023-07-16 09:00:00,45,Texas,159.71
7,83,Product C,Clothing,204.52,2,37,2023-07-14 19:00:00,23,California,409.04
8,87,Product B,Beauty,229.13,1,92,2023-02-18 18:00:00,33,Texas,229.13
9,75,Product A,Home,304.29,1,18,2023-12-28 17:00:00,37,New York,304.29
10,75,Product A,Electronics,262.68,4,63,2023-08-10 04:00:00,33,Texas,1050.72
11,88,Product B,Home,460.5,3,150,2023-04-13 14:00:00,24,Texas,1381.5
12,100,Product D,Electronics,253.51,2,139,2023-01-12 23:00:00,58,Texas,507.02
13,24,Product B,Clothing,496.16,4,186,2023-09-06 01:00:00,31,Texas,1984.64
14,3,Product D,Electronics,427.2,1,185,2023-06-28 10:00:00,60,Florida,427.2
15,22,Product B,Home,112.17,1,205,2023-03-21 11:00:00,43,Texas,112.17
16,53,Product C,Home,465.99,2,260,2023-02-18 09:00:00,43,New York,931.98
17,2,Product D,Home,67.02,3,214,2023-01-06 09:00:00,31,New York,201.06
18,88,Product C,Clothing,410.55,2,256,2023-09-22 01:00:00,24,Texas,821.1
19,30,Product A,Clothing,196.51,4,135,2023-04-09 11:00:00,50,California,786.04
20,38,Product B,Beauty,440.21,2,61,2023-12-06 15:00:00,43,Florida,880.42
21,2,Product A,Home,435.35,1,88,2023-09-07 07:00:00,62,Texas,435.35
22,64,Product A,Electronics,404.9,4,207,2023-01-06 23:00:00,37,Texas,1619.6
23,60,Product A,Clothing,397.11,1,129,2023-12-08 23:00:00,20,Texas,397.11
24,21,Product A,Home,159.29,3,3,2023-11-08 05:00:00,69,California,477.87
25,33,Product B,Home,49.65,1,242,2023-01-11 04:00:00,21,California,49.65
26,76,Product A,Clothing,207.46,1,121,2023-02-08 14:00:00,43,California,207.46
27,58,Product B,Beauty,95.03,2,102,2023-05-13 10:00:00,28,Florida,190.06
28,22,Product B,Clothing,350.53,1,38,2023-04-01 16:00:00,19,New York,350.53
29,89,Product C,Clothing,179.59,4,133,2023-07-28 10:00:00,31,Florida,718.36
30,49,Product D,Electronics,488.05,4,202,2023-02-06 22:00:00,61,California,1952.2
31,91,Product D,Electronics,324.08,3,21,2023-12-22 12:00:00,47,New York,972.24
32,59,Product B,Beauty,413.02,4,242,2023-05-22 14:00:00,66,New York,1652.08
33,42,Product C,Home,74.94,2,109,2023-12-21 01:00:00,29,California,149.88
34,92,Product B,Clothing,432.39,3,84,2023-04-21 14:00:00,43,California,1297.17
35,60,Product B,Beauty,462.15,4,83,2023-11-05 00:00:00,61,Florida,1848.6
36,80,Product B,Electronics,248.66,2,291,2023-02-27 03:00:00,50,California,497.32
37,15,Product C,Clothing,307.06,4,69,2023-10-25 07:00:00,30,New York,1228.24
38,62,Product D,Home,384.76,4,129,2023-01-14 08:00:00,31,Texas,1539.04
39,62,Product C,Electronics,95.67,1,196,2023-07-13 22:00:00,41,California,95.67
40,47,Product A,Electronics,256.26,4,140,2023-08-09 20:00:00,51,California,1025.04
41,62,Product C,Electronics,205.34,4,283,2023-10-09 17:00:00,61,Florida,821.36
42,51,Product C,Beauty,81.72,2,234,2023-10-13 14:00:00,43,Florida,163.44
43,55,Product C,Home,190.09,2,23,2023-08-18 09:00:00,38,California,380.18
44,64,Product C,Clothing,43.4,1,153,2023-10-01 01:00:00,45,New York,43.4
45,3,Product D,Beauty,22.65,4,277,2023-06-18 10:00:00,65,New York,90.6
46,51,Product A,Beauty,76.23,1,61,2023-11-09 10:00:00,53,Texas,76.23
47,7,Product D,Beauty,481.93,4,52,2023-10-04 12:00:00,57,California,1927.72
48,21,Product D,Electronics,279.27,3,153,2023-11-03 18:00:00,19,Florida,837.81
49,73,Product C,Home,483.25,3,237,2023-01-01 11:00:00,59,New York,1449.75
50,39,Product B,Beauty,221.92,1,32,2023-01-09 02:00:00,26,Texas,221.92
51,18,Product B,Clothing,162.79,1,55,2023-04-16 17:00:00,40,California,162.79
52,4,Product D,Home,258.01,1,36,2023-04-29 10:00:00,32,New York,258.01
53,89,Product D,Clothing,225.36,2,110,2023-04-03 21:00:00,30,California,450.72
54,60,Product C,Home,61.78,2,177,2023-05-06 09:00:00,40,California,123.56
55,14,Product D,Clothing,324.0,2,295,2023-11-29 16:00:00,34,New York,648.0
56,9,Product C,Electronics,115.86,1,97,2023-03-28 13:00:00,65,New York,115.86
57,90,Product B,Beauty,313.6,4,213,2023-11-23 21:00:00,19,New York,1254.4
58,53,Product B,Clothing,328.6,3,137,2023-06-11 03:00:00,37,California,985.8000000000001
59,2,Product A,Home,84.49,1,6,2023-07-23 01:00:00,37,California,84.49
60,84,Product B,Beauty,40.06,2,109,2023-12-26 19:00:00,63,Texas,80.12
61,92,Product D,Beauty,392.57,2,35,2023-01-13 09:00:00,20,Florida,785.14
62,60,Product B,Home,235.3,1,39,2023-09-02 00:00:00,29,California,235.3
63,71,Product C,Clothing,38.5,1,150,2023-02-12 07:00:00,57,Florida,38.5
64,44,Product B,Electronics,497.48,2,118,2023-02-27 16:00:00,19,New York,994.96
65,8,Product A,Electronics,38.31,4,261,2023-04-08 22:00:00,53,California,153.24
66,47,Product B,Clothing,350.57,2,87,2023-02-22 21:00:00,31,Texas,701.14
67,35,Product C,Beauty,492.0,2,76,2023-02-22 12:00:00,33,Texas,984.0
68,78,Product C,Beauty,127.2,1,214,2023-11-17 21:00:00,36,Florida,127.2
69,81,Product D,Beauty,79.7,4,285,2023-12-16 00:00:00,51,New York,318.8
70,36,Product B,Beauty,69.48,2,239,2023-07-10 03:00:00,61,Florida,138.96
71,50,Product C,Clothing,158.6,2,165,2023-10-15 09:00:00,63,New York,317.2
72,4,Product A,Beauty,59.51,3,87,2023-08-25 08:00:00,23,Texas,178.53
73,2,Product D,Home,349.16,1,141,2023-08-22 01:00:00,30,Florida,349.16
74,6,Product A,Beauty,40.52,3,160,2023-09-14 11:00:00,53,Texas,121.56
75,54,Product B,Electronics,259.62,3,46,2023-08-19 23:00:00,39,Texas,778.86
76,4,Product B,Beauty,498.38,2,112,2023-10-29 16:00:00,35,New York,996.76
77,54,Product B,Clothing,408.85,1,45,2023-07-15 03:00:00,29,Florida,408.85
78,93,Product D,Electronics,311.46,4,247,2023-03-20 09:00:00,69,Florida,1245.84
79,63,Product C,Clothing,160.06,2,104,2023-12-30 01:00:00,47,Texas,320.12
80,18,Product D,Clothing,315.71,4,85,2023-06-08 17:00:00,68,Texas,1262.84
81,90,Product A,Electronics,268.25,4,134,2023-08-30 23:00:00,57,New York,1073.0
82,44,Product D,Clothing,218.78,1,108,2023-07-23 11:00:00,24,California,218.78
83,34,Product A,Clothing,74.05,3,18,2023-10-28 06:00:00,49,California,222.14999999999998
84,74,Product D,Beauty,444.44,1,94,2023-06-23 03:00:00,65,Texas,444.44
85,62,Product C,Home,230.39,4,150,2023-07-14 17:00:00,36,California,921.56
86,100,Product A,Clothing,105.37,2,246,2023-02-28 17:00:00,23,California,210.74
87,14,Product B,Clothing,190.2,4,289,2023-08-05 13:00:00,37,California,760.8
88,95,Product B,Clothing,212.92,2,209,2023-11-07 12:00:00,44,California,425.84
89,48,Product D,Beauty,415.49,2,126,2023-12-30 06:00:00,60,Texas,830.98
90,15,Product B,Home,369.47,1,235,2023-04-01 12:00:00,54,California,369.47
91,72,Product A,Electronics,386.96,4,122,2023-01-12 15:00:00,65,California,1547.84
92,78,Product B,Beauty,15.41,3,138,2023-06-15 17:00:00,24,New York,46.230000000000004
93,87,Product C,Beauty,213.92,4,115,2023-04-22 05:00:00,22,Texas,855.68
94,62,Product C,Home,245.86,4,162,2023-11-23 01:00:00,28,Florida,983.44
95,40,Product D,Home,19.4,3,201,2023-06-15 21:00:00,32,Florida,58.199999999999996
96,85,Product A,Beauty,137.31,1,234,2023-07-18 17:00:00,20,New York,137.31
97,80,Product C,Electronics,382.54,4,28,2023-08-07 15:00:00,22,New York,1530.16
98,82,Product C,Beauty,77.18,4,11,2023-07-04 11:00:00,40,Texas,308.72
99,53,Product A,Home,272.3,2,206,2023-09-13 15:00:00,54,Florida,544.6
100,24,Product B,Electronics,115.45,4,167,2023-08-21 05:00:00,26,California,461.8
101,26,Product B,Home,15.94,3,247,2023-06-22 03:00:00,32,New York,47.82
102,89,Product D,Electronics,128.19,2,47,2023-10-27 13:00:00,20,Florida,256.38
103,60,Product B,Clothing,488.18,1,246,2023-07-08 23:00:00,46,Texas,488.18
104,41,Product A,Home,402.75,2,127,2023-04-26 16:00:00,23,California,805.5
105,29,Product C,Home,480.19,3,147,2023-11-17 17:00:00,34,Texas,1440.57
106,15,Product B,Beauty,249.05,3,118,2023-12-16 10:00:00,43,New York,747.1500000000001
107,45,Product D,Home,63.77,2,152,2023-01-28 14:00:00,38,Florida,127.54
108,65,Product B,Home,278.5,1,72,2023-12-28 07:00:00,25,Florida,278.5
109,89,Product A,Clothing,232.64,2,137,2023-12-02 04:00:00,38,Florida,465.28
110,71,Product D,Home,423.73,1,175,2023-06-25 18:00:00,28,Florida,423.73
111,9,Product B,Clothing,58.06,2,289,2023-07-30 20:00:00,55,California,116.12
112,88,Product D,Clothing,249.24,3,19,2023-09-02 18:00:00,25,California,747.72
113,1,Product A,Clothing,83.52,4,195,2023-08-21 13:00:00,59,Texas,334.08
114,8,Product C,Clothing,169.09,4,175,2023-03-25 22:00:00,41,California,676.36
115,88,Product A,Electronics,371.3,1,141,2023-06-07 21:00:00,52,New York,371.3
116,63,Product A,Beauty,243.25,1,246,2023-10-25 20:00:00,31,New York,243.25
117,11,Product A,Electronics,194.19,1,93,2023-11-20 14:00:00,31,Florida,194.19
118,81,Product A,Home,203.29,3,239,2023-04-09 12:00:00,27,New York,609.87
119,8,Product C,Electronics,235.13,2,205,2023-06-01 05:00:00,29,Texas,470.26
120,35,Product C,Electronics,394.66,3,48,2023-09-04 15:00:00,55,California,1183.98
121,35,Product D,Home,447.12,4,245,2023-08-25 11:00:00,61,California,1788.48
122,33,Product B,Home,478.11,1,295,2023-10-04 14:00:00,63,California,478.11
123,5,Product C,Home,395.58,2,128,2023-07-13 19:00:00,51,New York,791.16
124,41,Product C,Electronics,164.55,4,282,2023-01-26 09:00:00,58,California,658.2
125,28,Product B,Electronics,347.19,4,17,2023-11-27 20:00:00,27,Florida,1388.76
126,7,Product C,Home,224.43,4,71,2023-06-11 02:00:00,34,Florida,897.72
127,73,Product A,Beauty,134.79,3,269,2023-01-16 11:00:00,34,Florida,404.37
128,72,Product A,Beauty,422.03,1,282,2023-10-19 14:00:00,20,New York,422.03
129,12,Product B,Clothing,28.83,4,7,2023-01-26 15:00:00,48,California,115.32
130,34,Product D,Home,451.86,1,103,2023-10-15 23:00:00,68,New York,451.86
131,33,Product D,Clothing,236.12,3,193,2023-09-08 10:00:00,18,California,708.36
132,48,Product B,Beauty,322.23,4,241,2023-04-04 21:00:00,29,Texas,1288.92
133,23,Product B,Clothing,333.08,3,62,2023-07-25 22:00:00,56,Texas,999.24
134,62,Product A,Home,448.61,3,17,2023-02-06 00:00:00,21,New York,1345.83
135,88,Product D,Home,321.97,1,171,2023-02-22 20:00:00,59,Florida,321.97
136,37,Product C,Home,310.83,4,25,2023-11-07 14:00:00,30,New York,1243.32
137,99,Product A,Electronics,42.66,3,251,2023-07-10 11:00:00,51,Florida,127.97999999999999
138,44,Product B,Clothing,264.02,4,253,2023-08-06 21:00:00,59,California,1056.08
139,86,Product D,Beauty,83.58,1,207,2023-04-04 05:00:00,38,Florida,83.58
140,91,Product C,Beauty,371.34,3,29,2023-06-18 22:00:00,39,Florida,1114.02
141,35,Product C,Beauty,260.99,1,117,2023-02-08 23:00:00,21,California,260.99
142,65,Product A,Electronics,343.31,4,282,2023-09-24 10:00:00,35,Texas,1373.24
143,99,Product D,Electronics,30.42,4,144,2023-11-25 19:00:00,22,California,121.68
144,47,Product D,Home,51.55,1,25,2023-01-14 13:00:00,36,New York,51.55
145,78,Product B,Beauty,361.0,2,156,2023-11-20 22:00:00,19,New York,722.0
146,3,Product D,Electronics,45.32,3,73,2023-06-10 21:00:00,29,New York,135.96
147,1,Product D,Home,44.92,4,120,2023-03-24 17:00:00,34,New York,179.68
148,5,Product A,Beauty,15.93,4,93,2023-07-25 12:00:00,27,New York,63.72
149,90,Product D,Clothing,478.69,3,86,2023-07-11 19:00:00,51,Texas,1436.07
150,14,Product C,Home,371.38,1,118,2023-04-26 18:00:00,23,Texas,371.38
151,27,Product A,Electronics,183.09,1,233,2023-11-20 02:00:00,25,Florida,183.09
152,9,Product A,Electronics,155.3,1,199,2023-06-19 22:00:00,68,New York,155.3
153,79,Product B,Home,181.35,2,206,2023-02-26 23:00:00,28,California,362.7
154,15,Product D,Home,389.58,2,147,2023-06-18 10:00:00,29,New York,779.16
155,90,Product B,Electronics,334.07,4,271,2023-04-18 07:00:00,26,Texas,1336.28
156,42,Product C,Clothing,100.75,1,139,2023-10-09 10:00:00,19,New York,100.75
157,77,Product A,Beauty,95.31,3,181,2023-03-07 21:00:00,25,Texas,285.93
158,51,Product A,Clothing,58.21,4,30,2023-03-24 18:00:00,28,Florida,232.84
159,63,Product A,Home,333.55,3,57,2023-04-04 08:00:00,53,Florida,1000.6500000000001
160,96,Product C,Clothing,384.54,4,232,2023-06-15 06:00:00,27,Florida,1538.16
161,52,Product C,Electronics,139.87,2,146,2023-11-13 20:00:00,38,Texas,279.74
162,96,Product B,Home,20.26,4,48,2023-12-13 16:00:00,37,New York,81.04
163,4,Product B,Beauty,50.26,2,194,2023-09-06 16:00:00,65,New York,100.52
164,94,Product B,Electronics,484.25,4,224,2023-11-09 05:00:00,25,California,1937.0
165,23,Product D,Electronics,154.77,1,136,2023-06-20 23:00:00,53,Texas,154.77
166,15,Product A,Beauty,386.92,3,22,2023-03-28 12:00:00,46,California,1160.76
167,43,Product A,Beauty,316.09,1,6,2023-08-06 23:00:00,59,Florida,316.09
168,29,Product B,Clothing,197.15,4,204,2023-05-05 18:00:00,29,New York,788.6
169,36,Product A,Home,110.79,4,239,2023-06-06 00:00:00,31,Texas,443.16
170,13,Product B,Beauty,69.48,4,185,2023-08-22 02:00:00,65,California,277.92
171,32,Product D,Beauty,311.36,2,292,2023-11-10 19:00:00,67,California,622.72
172,71,Product D,Home,389.57,3,220,2023-11-04 03:00:00,38,California,1168.71
173,59,Product C,Beauty,325.51,3,116,2023-03-10 12:00:00,39,New York,976.53
174,86,Product D,Beauty,269.85,4,49,2023-05-12 00:00:00,38,New York,1079.4
175,28,Product B,Clothing,30.56,4,173,2023-01-11 02:00:00,61,New York,122.24
176,66,Product D,Electronics,484.56,2,82,2023-06-20 05:00:00,67,Texas,969.12
177,42,Product C,Electronics,401.37,1,45,2023-11-28 10:00:00,47,New York,401.37
178,45,Product A,Electronics,153.48,1,20,2023-10-30 21:00:00,56,Texas,153.48
179,62,Product B,Electronics,490.19,3,221,2023-10-25 02:00:00,37,California,1470.57
180,57,Product A,Beauty,304.92,2,123,2023-10-12 12:00:00,41,California,609.84
181,6,Product C,Home,295.39,4,234,2023-12-15 10:00:00,40,Florida,1181.56
182,28,Product C,Home,376.56,3,221,2023-09-21 19:00:00,24,New York,1129.68
183,28,Product C,Clothing,407.77,2,3,2023-05-27 08:00:00,26,California,815.54
184,44,Product A,Clothing,331.67,1,182,2023-03-04 11:00:00,18,New York,331.67
185,84,Product A,Beauty,72.77,2,206,2023-03-31 22:00:00,43,Texas,145.54
186,30,Product A,Home,175.75,1,40,2023-08-04 02:00:00,55,California,175.75
187,62,Product A,Home,464.76,2,59,2023-06-18 07:00:00,55,New York,929.52
188,75,Product C,Electronics,120.06,3,62,2023-03-26 19:00:00,61,California,360.18
189,92,Product C,Beauty,192.36,1,132,2023-11-29 09:00:00,39,California,192.36
190,89,Product B,Beauty,221.72,3,60,2023-02-05 17:00:00,61,New York,665.16
191,62,Product B,Electronics,225.31,3,122,2023-06-09 07:00:00,27,California,675.9300000000001
192,97,Product A,Beauty,310.34,1,107,2023-10-10 02:00:00,23,California,310.34
193,1,Product D,Beauty,472.11,1,96,2023-01-13 10:00:00,34,California,472.11
194,27,Product D,Clothing,127.94,4,235,2023-10-29 20:00:00,68,California,511.76
195,62,Product C,Home,69.54,4,62,2023-02-08 11:00:00,67,Texas,278.16
196,77,Product C,Beauty,106.76,4,256,2023-06-26 08:00:00,55,California,427.04
197,3,Product C,Clothing,444.59,3,49,2023-06-29 10:00:00,41,Florida,1333.77
198,70,Product B,Home,326.45,3,159,2023-04-27 15:00:00,68,California,979.3499999999999
199,72,Product B,Electronics,150.09,4,124,2023-10-02 02:00:00,27,New York,600.36
200,27,Product C,Clothing,409.81,3,207,2023-07-23 03:00:00,25,Florida,1229.43
201,9,Product C,Clothing,432.07,3,48,2023-08-10 22:00:00,38,Texas,1296.21
202,62,Product C,Home,424.79,1,136,2023-10-02 06:00:00,23,Florida,424.79
203,37,Product D,Electronics,460.27,1,201,2023-03-17 02:00:00,38,Florida,460.27
204,97,Product B,Clothing,133.6,3,250,2023-04-21 17:00:00,56,Florida,400.79999999999995
205,51,Product D,Beauty,379.97,4,295,2023-05-20 10:00:00,41,New York,1519.88
206,44,Product D,Beauty,235.66,2,209,2023-05-03 21:00:00,50,New York,471.32
207,24,Product C,Beauty,422.58,4,211,2023-02-09 05:00:00,35,New York,1690.32
208,79,Product C,Electronics,366.96,2,192,2023-03-21 11:00:00,45,Texas,733.92
209,59,Product A,Clothing,390.46,4,44,2023-07-21 13:00:00,69,New York,1561.84
210,32,Product A,Beauty,331.52,1,29,2023-12-04 17:00:00,49,New York,331.52
211,96,Product D,Electronics,96.94,3,59,2023-02-21 19:00:00,29,Florida,290.82
212,88,Product B,Beauty,277.06,3,71,2023-08-26 08:00:00,65,New York,831.1800000000001
213,52,Product C,Home,492.49,1,92,2023-03-03 02:00:00,59,California,492.49
214,62,Product C,Clothing,469.32,2,265,2023-06-14 21:00:00,44,New York,938.64
215,58,Product D,Clothing,31.16,2,220,2023-03-23 22:00:00,27,Texas,62.32
216,52,Product A,Electronics,90.76,2,215,2023-01-16 15:00:00,63,Texas,181.52
217,12,Product B,Electronics,74.55,1,277,2023-01-11 22:00:00,69,California,74.55
218,39,Product A,Clothing,365.73,2,64,2023-07-01 18:00:00,59,Texas,731.46
219,2,Product A,Beauty,410.71,1,292,2023-09-28 22:00:00,49,Texas,410.71
220,3,Product A,Beauty,114.62,4,245,2023-11-23 09:00:00,59,Florida,458.48
221,56,Product A,Home,257.87,4,62,2023-03-20 21:00:00,43,California,1031.48
222,81,Product C,Beauty,421.94,1,170,2023-12-04 18:00:00,42,Florida,421.94
223,59,Product C,Electronics,369.07,3,269,2023-03-10 20:00:00,28,Florida,1107.21
224,2,Product A,Electronics,275.7,4,267,2023-08-19 20:00:00,40,New York,1102.8
225,2,Product B,Beauty,299.27,2,54,2023-06-12 04:00:00,51,California,598.54
226,92,Product D,Electronics,259.1,1,16,2023-01-25 23:00:00,69,New York,259.1
227,54,Product B,Clothing,155.8,2,8,2023-07-20 15:00:00,57,New York,311.6
228,87,Product B,Clothing,286.86,2,104,2023-03-21 16:00:00,40,Florida,573.72
229,96,Product B,Beauty,347.55,3,59,2023-12-24 04:00:00,46,Texas,1042.65
230,97,Product A,Clothing,437.93,2,40,2023-06-25 13:00:00,48,California,875.86
231,1,Product C,Clothing,321.78,3,237,2023-06-01 13:00:00,24,Texas,965.3399999999999
232,19,Product B,Home,382.95,4,94,2023-08-22 07:00:00,57,Florida,1531.8
233,2,Product A,Home,88.44,1,222,2023-09-26 16:00:00,50,Florida,88.44
234,53,Product B,Clothing,236.16,2,204,2023-12-23 13:00:00,38,Florida,472.32
235,44,Product B,Beauty,14.57,1,138,2023-11-04 14:00:00,19,Florida,14.57
236,90,Product A,Home,130.87,2,300,2023-05-29 17:00:00,35,Florida,261.74
237,32,Product C,Electronics,365.97,1,207,2023-11-18 03:00:00,64,Florida,365.97
238,70,Product C,Electronics,495.99,2,81,2023-02-01 02:00:00,50,Texas,991.98
239,32,Product D,Electronics,58.6,2,218,2023-12-21 08:00:00,54,New York,117.2
240,68,Product A,Beauty,206.73,2,2,2023-07-13 01:00:00,51,Texas,413.46
241,55,Product D,Clothing,402.03,2,178,2023-02-08 08:00:00,37,California,804.06
242,75,Product D,Electronics,109.98,2,279,2023-10-20 00:00:00,52,Texas,219.96
243,56,Product D,Beauty,281.99,2,146,2023-04-10 05:00:00,68,Florida,563.98
244,17,Product C,Home,369.2,2,224,2023-05-31 18:00:00,67,Texas,738.4
245,38,Product A,Clothing,311.83,2,62,2023-07-05 03:00:00,35,New York,623.66
246,24,Product D,Home,102.13,2,294,2023-01-12 08:00:00,63,California,204.26
247,69,Product A,Beauty,184.14,1,239,2023-03-15 21:00:00,41,Texas,184.14
248,98,Product A,Electronics,394.06,3,195,2023-04-17 03:00:00,25,New York,1182.18
249,70,Product C,Electronics,281.57,2,166,2023-05-12 20:00:00,47,Texas,563.14
250,86,Product D,Beauty,12.56,3,222,2023-07-19 04:00:00,61,California,37.68
251,11,Product D,Electronics,382.89,2,61,2023-02-09 10:00:00,27,Texas,765.78
252,16,Product A,Clothing,27.3,2,129,2023-01-22 02:00:00,40,Florida,54.6
253,97,Product B,Beauty,375.41,1,173,2023-10-07 23:00:00,69,Texas,375.41
254,73,Product C,Home,109.22,4,156,2023-12-18 11:00:00,66,New York,436.88
255,59,Product C,Beauty,479.46,4,110,2023-12-29 09:00:00,28,Texas,1917.84
256,70,Product C,Clothing,190.29,1,269,2023-09-23 00:00:00,19,New York,190.29
257,80,Product C,Clothing,170.2,3,278,2023-11-16 01:00:00,43,California,510.59999999999997
258,93,Product D,Beauty,82.96,4,74,2023-05-30 14:00:00,53,Texas,331.84
259,3,Product D,Beauty,159.75,1,207,2023-02-19 16:00:00,50,California,159.75
260,20,Product B,Electronics,439.56,1,279,2023-03-03 00:00:00,64,California,439.56
261,59,Product C,Clothing,498.2,4,204,2023-01-17 06:00:00,30,Texas,1992.8
262,36,Product C,Beauty,190.47,3,161,2023-08-22 23:00:00,57,New York,571.41
263,19,Product A,Beauty,229.82,1,28,2023-09-12 10:00:00,42,California,229.82
264,90,Product D,Clothing,363.81,2,257,2023-04-17 16:00:00,21,California,727.62
265,67,Product C,Beauty,444.24,3,165,2023-09-02 11:00:00,59,Texas,1332.72
266,19,Product B,Electronics,300.59,3,63,2023-02-20 11:00:00,36,Texas,901.77
267,20,Product B,Clothing,201.85,4,22,2023-03-06 03:00:00,35,Texas,807.4
268,96,Product D,Electronics,212.18,4,70,2023-01-27 19:00:00,54,Texas,848.72
269,71,Product B,Electronics,350.85,2,96,2023-12-29 05:00:00,47,Texas,701.7
270,52,Product B,Electronics,11.58,1,163,2023-02-23 11:00:00,36,Florida,11.58
271,33,Product D,Electronics,313.6,4,79,2023-11-17 00:00:00,40,Texas,1254.4
272,40,Product C,Clothing,184.19,4,5,2023-11-03 01:00:00,33,New York,736.76
273,39,Product C,Electronics,399.16,3,120,2023-07-02 18:00:00,18,California,1197.48
274,82,Product B,Electronics,55.57,4,178,2023-02-08 07:00:00,29,New York,222.28
275,1,Product B,Beauty,298.22,4,176,2023-04-08 11:00:00,41,New York,1192.88
276,11,Product C,Clothing,245.68,4,217,2023-09-05 02:00:00,51,Florida,982.72
277,92,Product D,Clothing,324.74,4,56,2023-08-14 02:00:00,25,Texas,1298.96
278,57,Product B,Home,41.78,3,187,2023-08-24 23:00:00,35,California,125.34
279,89,Product A,Clothing,294.19,2,232,2023-08-08 19:00:00,65,New York,588.38
280,50,Product D,Clothing,285.13,2,255,2023-01-22 03:00:00,22,Texas,570.26
281,23,Product B,Home,284.72,1,104,2023-03-01 20:00:00,43,Texas,284.72
282,31,Product B,Clothing,305.71,4,77,2023-11-03 10:00:00,47,Florida,1222.84
283,94,Product A,Clothing,341.47,3,230,2023-07-08 04:00:00,30,Florida,1024.41
284,42,Product A,Clothing,404.44,1,258,2023-05-31 22:00:00,36,Florida,404.44
285,99,Product C,Clothing,142.21,1,264,2023-07-03 07:00:00,46,California,142.21
286,7,Product D,Home,414.27,2,182,2023-07-29 21:00:00,20,New York,828.54
287,16,Product D,Clothing,254.15,3,256,2023-12-04 23:00:00,43,Florida,762.45
288,90,Product C,Clothing,47.76,3,38,2023-06-04 19:00:00,57,Florida,143.28
289,60,Product D,Home,38.69,3,176,2023-11-23 13:00:00,29,Florida,116.07
290,2,Product D,Beauty,173.78,2,27,2023-02-24 05:00:00,19,New York,347.56
291,1,Product D,Electronics,394.6,2,276,2023-11-04 02:00:00,28,New York,789.2
292,48,Product D,Beauty,356.76,2,140,2023-08-05 01:00:00,61,Florida,713.52
293,12,Product D,Home,396.42,2,299,2023-03-31 19:00:00,45,Florida,792.84
294,69,Product A,Electronics,263.46,2,287,2023-09-25 03:00:00,35,Texas,526.92
295,37,Product D,Home,225.7,4,91,2023-09-23 05:00:00,30,Florida,902.8
296,32,Product A,Home,82.25,4,61,2023-01-29 20:00:00,54,California,329.0
297,9,Product D,Clothing,170.81,3,163,2023-03-03 14:00:00,39,California,512.4300000000001
298,99,Product C,Electronics,222.67,1,143,2023-09-24 12:00:00,29,Florida,222.67
299,19,Product B,Clothing,53.41,3,253,2023-12-19 00:00:00,19,New York,160.23
300,48,Product A,Electronics,118.1,1,269,2023-01-19 09:00:00,54,Texas,118.1
301,80,Product D,Home,303.13,2,291,2023-04-21 06:00:00,24,New York,606.26
302,3,Product C,Home,370.47,1,187,2023-08-06 01:00:00,43,Florida,370.47
303,20,Product B,Beauty,499.19,3,291,2023-09-30 05:00:00,43,California,1497.57
304,24,Product A,Electronics,467.23,3,86,2023-07-14 21:00:00,41,Texas,1401.69
305,54,Product B,Clothing,324.86,1,166,2023-10-28 11:00:00,29,New York,324.86
306,33,Product C,Beauty,216.41,4,114,2023-04-21 05:00:00,33,New York,865.64
307,24,Product A,Beauty,321.73,2,183,2023-12-09 02:00:00,40,Florida,643.46
308,75,Product B,Beauty,394.97,2,207,2023-11-27 13:00:00,57,Texas,789.94
309,72,Product D,Clothing,67.98,3,256,2023-08-17 04:00:00,26,California,203.94
310,36,Product A,Beauty,210.85,4,235,2023-11-27 08:00:00,49,Florida,843.4
311,38,Product B,Clothing,421.5,1,3,2023-03-28 16:00:00,32,Texas,421.5
312,84,Product C,Beauty,198.08,2,208,2023-09-11 17:00:00,54,New York,396.16
313,99,Product C,Clothing,290.22,4,197,2023-11-05 04:00:00,30,Florida,1160.88
314,89,Product A,Home,298.01,2,125,2023-11-21 21:00:00,22,New York,596.02
315,99,Product B,Home,100.39,4,138,2023-02-05 21:00:00,28,New York,401.56
316,25,Product A,Home,187.5,4,25,2023-12-14 18:00:00,27,Florida,750.0
317,93,Product A,Home,173.91,3,68,2023-05-26 14:00:00,69,Florida,521.73
318,18,Product B,Home,22.84,2,61,2023-02-07 16:00:00,30,Florida,45.68
319,82,Product B,Beauty,21.85,1,29,2023-02-22 21:00:00,58,Florida,21.85
320,66,Product D,Beauty,417.53,3,19,2023-01-17 20:00:00,63,Florida,1252.59
321,54,Product B,Beauty,143.8,3,171,2023-02-19 08:00:00,67,New York,431.40000000000003
322,35,Product C,Clothing,263.86,1,74,2023-03-13 21:00:00,32,California,263.86
323,80,Product A,Clothing,156.38,3,61,2023-12-19 14:00:00,59,California,469.14
324,61,Product A,Clothing,470.93,4,153,2023-08-31 03:00:00,24,Florida,1883.72
325,41,Product C,Clothing,137.06,4,276,2023-08-22 14:00:00,57,New York,548.24
326,100,Product B,Home,220.53,2,48,2023-06-14 20:00:00,45,California,441.06
327,33,Product C,Home,437.64,2,211,2023-01-08 03:00:00,49,California,875.28
328,68,Product C,Home,422.55,1,139,2023-12-19 17:00:00,52,California,422.55
329,33,Product D,Electronics,101.19,2,110,2023-04-07 02:00:00,32,New York,202.38
330,14,Product C,Beauty,403.3,4,183,2023-01-18 13:00:00,65,Florida,1613.2
331,21,Product A,Clothing,234.51,1,28,2023-08-19 20:00:00,53,Florida,234.51
332,48,Product C,Clothing,246.65,1,197,2023-07-14 19:00:00,38,Florida,246.65
333,20,Product A,Home,75.41,2,191,2023-10-09 04:00:00,23,Texas,150.82
334,8,Product A,Clothing,49.49,4,51,2023-09-12 07:00:00,18,Texas,197.96
335,7,Product A,Clothing,366.69,1,149,2023-03-03 09:00:00,21,Texas,366.69
336,67,Product B,Beauty,253.27,4,268,2023-05-16 03:00:00,28,New York,1013.08
337,17,Product D,Home,224.06,4,50,2023-04-01 21:00:00,61,California,896.24
338,33,Product A,Beauty,367.46,4,246,2023-05-10 00:00:00,43,California,1469.84
339,48,Product A,Electronics,385.1,2,113,2023-10-04 22:00:00,54,New York,770.2
340,76,Product B,Electronics,87.87,3,170,2023-09-03 02:00:00,40,New York,263.61
341,59,Product A,Electronics,309.01,3,166,2023-09-07 06:00:00,46,Florida,927.03
342,86,Product C,Home,76.32,1,14,2023-08-30 14:00:00,38,Florida,76.32
343,22,Product C,Clothing,378.17,4,203,2023-12-17 15:00:00,65,Texas,1512.68
344,30,Product D,Home,331.91,2,288,2023-12-17 11:00:00,62,Texas,663.82
345,38,Product A,Home,478.74,4,189,2023-12-19 08:00:00,62,New York,1914.96
346,51,Product B,Clothing,43.79,4,155,2023-07-08 12:00:00,66,Texas,175.16
347,54,Product C,Beauty,37.96,2,55,2023-10-01 07:00:00,44,California,75.92
348,8,Product B,Electronics,148.27,3,182,2023-11-14 12:00:00,56,New York,444.81000000000006
349,27,Product B,Beauty,138.24,4,210,2023-04-26 14:00:00,57,New York,552.96
350,27,Product C,Electronics,131.02,4,75,2023-08-25 09:00:00,30,California,524.08
351,98,Product B,Home,454.06,3,277,2023-05-11 04:00:00,40,Florida,1362.18
352,21,Product C,Electronics,132.28,2,133,2023-12-28 07:00:00,33,Florida,264.56
353,30,Product B,Home,143.26,1,59,2023-02-26 09:00:00,47,California,143.26
354,97,Product C,Beauty,382.11,3,182,2023-06-10 14:00:00,21,California,1146.33
355,28,Product A,Home,230.37,1,64,2023-12-05 22:00:00,57,Texas,230.37
356,64,Product D,Beauty,390.59,1,260,2023-02-08 12:00:00,33,New York,390.59
357,97,Product C,Clothing,42.03,3,193,2023-04-01 10:00:00,48,Texas,126.09
358,69,Product C,Clothing,248.91,4,143,2023-08-18 10:00:00,59,California,995.64
359,61,Product D,Clothing,26.47,1,104,2023-04-10 19:00:00,42,Texas,26.47
360,48,Product C,Home,40.7,1,214,2023-12-09 12:00:00,61,California,40.7
361,19,Product C,Clothing,454.15,2,242,2023-12-09 18:00:00,29,Texas,908.3
362,4,Product B,Electronics,78.23,4,209,2023-08-18 19:00:00,43,Texas,312.92
363,35,Product D,Beauty,270.89,1,93,2023-04-22 06:00:00,54,Florida,270.89
364,64,Product A,Beauty,211.44,2,142,2023-05-21 05:00:00,65,California,422.88
365,49,Product C,Electronics,180.2,4,112,2023-01-25 12:00:00,50,Texas,720.8
366,17,Product D,Home,450.92,3,59,2023-05-11 18:00:00,45,New York,1352.76
367,44,Product B,Home,20.69,3,43,2023-10-05 15:00:00,26,Texas,62.07000000000001
368,92,Product A,Beauty,335.26,2,207,2023-06-20 06:00:00,29,Texas,670.52
369,30,Product D,Clothing,482.06,3,268,2023-12-22 11:00:00,22,New York,1446.18
370,93,Product A,Home,284.48,1,296,2023-06-27 22:00:00,69,California,284.48
371,46,Product A,Home,469.04,4,118,2023-09-08 19:00:00,45,Florida,1876.16
372,6,Product A,Electronics,35.61,1,20,2023-01-24 04:00:00,52,Florida,35.61
373,99,Product C,Electronics,215.21,1,222,2023-12-01 06:00:00,22,Florida,215.21
374,37,Product C,Clothing,137.48,3,166,2023-08-16 04:00:00,51,New York,412.43999999999994
375,24,Product B,Home,368.1,1,131,2023-05-29 15:00:00,63,Texas,368.1
376,93,Product B,Home,490.84,3,156,2023-06-12 11:00:00,51,California,1472.52
377,46,Product D,Electronics,135.7,4,184,2023-09-27 21:00:00,30,Texas,542.8
378,53,Product B,Home,330.55,4,90,2023-11-09 12:00:00,56,Florida,1322.2
379,95,Product A,Beauty,107.07,1,94,2023-02-12 08:00:00,59,Texas,107.07
380,99,Product A,Electronics,287.01,2,13,2023-09-27 14:00:00,62,New York,574.02
381,60,Product C,Clothing,237.33,3,293,2023-03-27 22:00:00,65,New York,711.99
382,97,Product A,Electronics,486.28,3,230,2023-06-30 01:00:00,31,California,1458.84
383,63,Product D,Home,308.18,1,292,2023-05-26 16:00:00,28,California,308.18
384,85,Product A,Clothing,181.26,3,26,2023-03-17 13:00:00,59,Florida,543.78
385,32,Product A,Electronics,65.91,3,75,2023-09-18 16:00:00,55,California,197.73
386,87,Product D,Beauty,84.11,2,299,2023-04-07 09:00:00,21,Texas,168.22
387,33,Product B,Beauty,120.41,2,150,2023-02-21 07:00:00,50,New York,240.82
388,67,Product B,Electronics,132.97,1,148,2023-08-31 23:00:00,24,New York,132.97
389,18,Product D,Beauty,426.8,2,8,2023-05-05 23:00:00,58,New York,853.6
390,25,Product C,Beauty,285.0,1,29,2023-05-24 08:00:00,25,California,285.0
391,95,Product A,Beauty,266.46,4,296,2023-06-19 00:00:00,54,New York,1065.84
392,54,Product D,Clothing,66.24,1,209,2023-01-13 17:00:00,68,New York,66.24
393,58,Product A,Beauty,431.47,4,128,2023-03-12 09:00:00,27,New York,1725.88
394,67,Product C,Beauty,364.18,1,116,2023-06-13 05:00:00,60,Florida,364.18
395,46,Product A,Beauty,43.16,3,144,2023-10-23 00:00:00,32,Florida,129.48
396,24,Product D,Clothing,356.84,2,235,2023-12-25 19:00:00,55,California,713.68
397,32,Product A,Electronics,276.33,4,7,2023-05-03 08:00:00,32,New York,1105.32
398,47,Product B,Home,50.05,1,45,2023-06-10 22:00:00,22,California,50.05
399,86,Product C,Beauty,234.57,2,239,2023-08-24 09:00:00,46,New York,469.14
400,23,Product C,Electronics,247.5,1,155,2023-05-16 21:00:00,36,New York,247.5
401,66,Product C,Beauty,91.23,2,181,2023-03-17 19:00:00,68,New York,182.46
402,27,Product D,Clothing,473.39,2,215,2023-02-25 22:00:00,27,California,946.78
403,2,Product C,Electronics,426.49,1,88,2023-08-20 16:00:00,29,California,426.49
404,90,Product B,Clothing,337.82,4,256,2023-04-03 18:00:00,21,New York,1351.28
405,17,Product D,Beauty,236.52,4,73,2023-02-14 23:00:00,48,Texas,946.08
406,33,Product B,Beauty,211.77,3,179,2023-06-25 06:00:00,35,California,635.3100000000001
407,9,Product A,Clothing,328.98,2,212,2023-09-19 16:00:00,33,Florida,657.96
408,43,Product A,Home,277.26,3,293,2023-10-29 11:00:00,57,California,831.78
409,48,Product A,Clothing,40.51,3,234,2023-02-03 21:00:00,53,New York,121.53
410,39,Product A,Beauty,261.13,1,239,2023-08-01 01:00:00,42,Texas,261.13
411,93,Product B,Clothing,405.14,1,223,2023-03-26 15:00:00,40,New York,405.14
412,42,Product D,Home,235.03,1,119,2023-12-21 18:00:00,29,Florida,235.03
413,26,Product D,Clothing,35.46,2,264,2023-09-04 07:00:00,51,California,70.92
414,99,Product C,Home,395.28,1,207,2023-04-21 13:00:00,53,California,395.28
415,50,Product B,Home,108.67,1,95,2023-05-20 04:00:00,54,New York,108.67
416,25,Product A,Clothing,136.72,2,222,2023-11-25 04:00:00,20,New York,273.44
417,24,Product B,Clothing,90.71,2,276,2023-02-17 13:00:00,26,Florida,181.42
418,13,Product C,Electronics,171.81,4,231,2023-12-23 14:00:00,35,Texas,687.24
419,60,Product C,Beauty,380.81,1,119,2023-05-01 17:00:00,60,Florida,380.81
420,7,Product B,Home,264.5,1,268,2023-06-18 09:00:00,52,Texas,264.5
421,57,Product B,Electronics,110.39,1,273,2023-03-26 22:00:00,51,California,110.39
422,36,Product B,Clothing,440.14,4,64,2023-06-27 22:00:00,58,Texas,1760.56
423,45,Product D,Beauty,441.0,1,298,2023-07-15 03:00:00,31,Texas,441.0
424,20,Product A,Electronics,436.58,4,11,2023-01-21 14:00:00,21,California,1746.32
425,65,Product B,Home,127.01,3,98,2023-10-24 12:00:00,46,California,381.03000000000003
426,8,Product B,Electronics,231.11,4,71,2023-03-16 08:00:00,58,California,924.44
427,16,Product B,Home,492.64,3,58,2023-05-27 06:00:00,62,Florida,1477.92
428,14,Product C,Clothing,388.29,1,290,2023-06-07 18:00:00,67,California,388.29
429,76,Product C,Beauty,23.31,3,251,2023-08-08 10:00:00,32,New York,69.92999999999999
430,87,Product D,Beauty,41.95,4,276,2023-08-15 04:00:00,45,California,167.8
431,15,Product A,Beauty,237.33,2,50,2023-10-06 09:00:00,59,California,474.66
432,92,Product D,Clothing,455.52,3,216,2023-10-15 05:00:00,33,California,1366.56
433,98,Product A,Home,273.96,3,52,2023-07-14 02:00:00,29,Texas,821.8799999999999
434,66,Product C,Clothing,253.93,1,271,2023-10-23 02:00:00,69,Florida,253.93
435,32,Product C,Beauty,61.68,4,84,2023-10-14 05:00:00,22,California,246.72
436,87,Product C,Clothing,331.82,3,293,2023-11-13 23:00:00,51,Florida,995.46
437,63,Product D,Clothing,412.83,3,126,2023-11-16 13:00:00,59,New York,1238.49
438,86,Product B,Clothing,196.41,3,296,2023-09-17 03:00:00,18,New York,589.23
439,51,Product B,Home,390.05,3,72,2023-07-08 22:00:00,56,California,1170.15
440,25,Product C,Electronics,482.59,2,296,2023-09-07 03:00:00,49,New York,965.18
441,58,Product B,Electronics,109.85,4,236,2023-02-24 16:00:00,43,Florida,439.4
442,63,Product B,Clothing,266.43,1,56,2023-05-04 10:00:00,34,Texas,266.43
443,62,Product D,Electronics,150.7,1,110,2023-05-03 10:00:00,65,California,150.7
444,22,Product A,Electronics,398.5,2,192,2023-05-14 05:00:00,44,New York,797.0
445,58,Product C,Clothing,293.02,4,93,2023-08-09 16:00:00,41,Florida,1172.08
446,58,Product C,Clothing,320.95,3,56,2023-10-28 04:00:00,52,Florida,962.8499999999999
447,86,Product D,Beauty,400.98,2,60,2023-08-27 18:00:00,63,New York,801.96
448,49,Product D,Electronics,204.03,4,138,2023-01-06 06:00:00,59,Florida,816.12
449,52,Product B,Home,458.39,3,39,2023-08-22 10:00:00,56,Florida,1375.17
450,42,Product C,Clothing,271.18,2,28,2023-02-19 15:00:00,43,California,542.36
451,70,Product A,Beauty,87.4,4,49,2023-04-20 23:00:00,66,Florida,349.6
452,15,Product D,Home,350.99,1,125,2023-02-26 22:00:00,55,New York,350.99
453,54,Product A,Electronics,398.7,1,13,2023-09-26 21:00:00,40,California,398.7
454,60,Product A,Beauty,165.21,4,36,2023-10-05 23:00:00,39,New York,660.84
455,97,Product C,Clothing,430.02,1,101,2023-10-06 11:00:00,21,Texas,430.02
456,8,Product C,Home,454.01,4,282,2023-07-09 03:00:00,66,New York,1816.04
457,53,Product D,Clothing,145.68,3,86,2023-05-01 07:00:00,26,New York,437.04
458,60,Product C,Electronics,491.93,4,4,2023-06-20 06:00:00,21,California,1967.72
459,5,Product C,Home,78.95,3,223,2023-04-05 05:00:00,24,Florida,236.85000000000002
460,68,Product C,Electronics,108.99,2,166,2023-06-24 04:00:00,40,New York,217.98
461,6,Product A,Electronics,100.27,4,278,2023-04-29 09:00:00,19,California,401.08
462,96,Product D,Beauty,448.05,2,130,2023-09-09 16:00:00,66,Texas,896.1
463,94,Product B,Clothing,330.6,1,31,2023-05-29 08:00:00,41,California,330.6
464,47,Product A,Home,84.53,3,11,2023-07-18 06:00:00,57,California,253.59
465,99,Product C,Electronics,225.76,4,96,2023-01-27 02:00:00,48,Florida,903.04
466,55,Product A,Electronics,311.5,2,190,2023-07-28 22:00:00,64,New York,623.0
467,40,Product C,Home,50.9,3,192,2023-02-27 07:00:00,48,Texas,152.7
468,52,Product C,Electronics,442.38,3,266,2023-02-19 05:00:00,64,California,1327.1399999999999
469,16,Product A,Beauty,403.77,1,128,2023-08-26 20:00:00,57,New York,403.77
470,13,Product D,Beauty,257.55,1,238,2023-01-21 10:00:00,65,New York,257.55
471,30,Product C,Beauty,483.89,3,112,2023-06-05 09:00:00,68,California,1451.67
472,19,Product D,Beauty,214.7,3,145,2023-09-06 22:00:00,60,New York,644.0999999999999
473,17,Product B,Electronics,492.21,4,65,2023-05-28 06:00:00,51,California,1968.84
474,63,Product C,Home,337.28,3,247,2023-05-18 08:00:00,41,California,1011.8399999999999
475,19,Product D,Home,320.99,4,223,2023-03-22 20:00:00,66,California,1283.96
476,92,Product D,Home,91.32,3,106,2023-07-28 22:00:00,43,Texas,273.96
477,58,Product B,Home,442.14,1,181,2023-03-20 10:00:00,33,California,442.14
478,55,Product D,Clothing,219.47,4,184,2023-07-24 12:00:00,64,Florida,877.88
479,90,Product D,Home,89.49,2,226,2023-05-05 11:00:00,30,New York,178.98
480,90,Product B,Clothing,16.18,1,265,2023-08-21 17:00:00,32,Texas,16.18
481,62,Product C,Clothing,284.28,4,278,2023-05-12 15:00:00,44,New York,1137.12
482,23,Product D,Beauty,268.43,4,89,2023-07-08 18:00:00,21,Texas,1073.72
483,9,Product D,Clothing,362.48,2,176,2023-01-29 09:00:00,33,Florida,724.96
484,12,Product D,Electronics,446.23,4,18,2023-08-07 22:00:00,47,Texas,1784.92
485,1,Product A,Clothing,48.91,3,106,2023-02-14 17:00:00,61,Texas,146.73
486,58,Product B,Beauty,368.43,2,271,2023-04-10 11:00:00,47,Texas,736.86
487,1,Product A,Clothing,101.83,1,167,2023-04-23 05:00:00,53,New York,101.83
488,34,Product B,Electronics,430.51,1,13,2023-06-30 20:00:00,20,California,430.51
489,96,Product C,Electronics,411.34,3,32,2023-03-31 20:00:00,39,New York,1234.02
490,48,Product C,Electronics,274.99,1,40,2023-11-28 22:00:00,66,California,274.99
491,89,Product D,Beauty,358.02,4,148,2023-04-18 12:00:00,39,New York,1432.08
492,1,Product B,Beauty,164.03,4,218,2023-10-30 09:00:00,67,Florida,656.12
493,16,Product C,Home,240.87,3,219,2023-03-31 23:00:00,67,Florida,722.61
494,61,Product B,Beauty,412.6,1,82,2023-10-10 04:00:00,66,Texas,412.6
495,64,Product C,Electronics,235.04,1,208,2023-03-09 19:00:00,29,Florida,235.04
496,63,Product A,Electronics,185.32,3,201,2023-12-09 11:00:00,38,Texas,555.96
497,69,Product C,Beauty,252.16,2,38,2023-10-23 00:00:00,21,California,504.32
498,22,Product A,Clothing,415.84,1,211,2023-03-24 17:00:00,48,Florida,415.84
499,93,Product C,Beauty,174.25,2,249,2023-12-20 16:00:00,61,California,348.5
500,67,Product D,Beauty,95.14,1,227,2023-04-01 21:00:00,48,New York,95.14
501,76,Product A,Electronics,358.89,1,48,2023-04-06 16:00:00,40,California,358.89
502,26,Product C,Home,414.73,1,18,2023-10-26 12:00:00,37,New York,414.73
503,16,Product D,Electronics,59.31,1,295,2023-04-19 05:00:00,32,California,59.31
504,51,Product A,Home,127.54,4,196,2023-02-07 13:00:00,40,California,510.16
505,86,Product D,Electronics,79.57,2,187,2023-09-10 12:00:00,45,Florida,159.14
506,57,Product B,Beauty,180.49,2,224,2023-03-11 21:00:00,33,California,360.98
507,29,Product B,Electronics,230.67,1,229,2023-05-01 01:00:00,54,Florida,230.67
508,78,Product A,Electronics,376.92,1,77,2023-08-23 06:00:00,38,Florida,376.92
509,92,Product C,Electronics,329.06,2,188,2023-12-02 12:00:00,32,Texas,658.12
510,69,Product A,Beauty,314.25,4,270,2023-02-27 10:00:00,34,Texas,1257.0
511,47,Product D,Beauty,182.66,3,95,2023-02-22 00:00:00,67,New York,547.98
512,94,Product C,Beauty,422.31,3,132,2023-08-24 10:00:00,54,California,1266.93
513,62,Product B,Beauty,240.93,2,39,2023-09-11 07:00:00,30,New York,481.86
514,69,Product C,Home,489.76,1,72,2023-10-21 04:00:00,36,California,489.76
515,76,Product B,Home,320.73,1,281,2023-09-28 07:00:00,47,Texas,320.73
516,16,Product C,Clothing,71.87,4,160,2023-02-14 02:00:00,62,Texas,287.48
517,90,Product C,Beauty,341.33,3,187,2023-03-27 08:00:00,35,California,1023.99
518,90,Product C,Home,169.3,4,191,2023-09-12 19:00:00,31,California,677.2
519,48,Product D,Electronics,346.3,3,120,2023-06-27 00:00:00,53,Texas,1038.9
520,85,Product D,Beauty,44.12,2,220,2023-04-14 04:00:00,53,Texas,88.24
521,39,Product A,Clothing,95.69,3,53,2023-07-11 19:00:00,37,New York,287.07
522,100,Product A,Clothing,429.31,4,222,2023-05-29 01:00:00,69,Texas,1717.24
523,33,Product B,Clothing,121.32,4,131,2023-01-10 04:00:00,36,California,485.28
524,94,Product D,Electronics,420.15,4,237,2023-07-20 18:00:00,62,New York,1680.6
525,23,Product B,Home,146.85,2,246,2023-10-27 16:00:00,61,California,293.7
526,10,Product A,Electronics,325.01,3,226,2023-07-12 15:00:00,24,Florida,975.03
527,69,Product B,Beauty,350.13,3,208,2023-11-03 05:00:00,61,New York,1050.3899999999999
528,100,Product A,Clothing,261.2,4,96,2023-08-23 02:00:00,21,California,1044.8
529,34,Product D,Electronics,159.6,3,200,2023-10-28 09:00:00,51,Texas,478.79999999999995
530,52,Product C,Electronics,114.2,1,247,2023-07-10 16:00:00,19,Florida,114.2
531,95,Product D,Home,26.26,1,72,2023-03-19 23:00:00,22,California,26.26
532,10,Product B,Home,158.93,1,185,2023-11-26 19:00:00,27,New York,158.93
533,19,Product B,Clothing,330.05,3,6,2023-03-02 22:00:00,49,California,990.1500000000001
534,58,Product D,Electronics,469.77,2,206,2023-08-19 01:00:00,59,Florida,939.54
535,96,Product D,Electronics,436.89,2,32,2023-12-22 16:00:00,58,New York,873.78
536,1,Product A,Home,385.37,2,99,2023-12-10 04:00:00,30,Florida,770.74
537,69,Product B,Electronics,396.34,2,256,2023-11-22 13:00:00,56,California,792.68
538,4,Product B,Electronics,335.84,1,187,2023-03-28 04:00:00,22,Texas,335.84
539,16,Product D,Electronics,137.54,1,76,2023-08-28 17:00:00,27,Texas,137.54
540,24,Product C,Home,454.53,4,177,2023-10-29 13:00:00,27,California,1818.12
541,80,Product B,Clothing,338.66,3,287,2023-10-20 08:00:00,55,California,1015.98
542,2,Product C,Beauty,284.62,3,255,2023-09-15 23:00:00,44,California,853.86
543,92,Product D,Clothing,64.38,2,190,2023-03-05 02:00:00,68,New York,128.76
544,32,Product D,Beauty,229.06,1,127,2023-04-19 06:00:00,38,Florida,229.06
545,91,Product A,Electronics,235.58,2,287,2023-02-11 17:00:00,25,Florida,471.16
546,84,Product B,Clothing,433.64,4,254,2023-02-13 01:00:00,18,Florida,1734.56
547,24,Product C,Beauty,277.86,3,213,2023-10-15 11:00:00,45,California,833.58
548,12,Product A,Home,196.4,3,250,2023-12-19 17:00:00,66,Florida,589.2
549,50,Product B,Home,488.63,2,84,2023-07-30 11:00:00,56,California,977.26
550,35,Product A,Clothing,64.25,4,13,2023-07-06 12:00:00,31,New York,257.0
551,33,Product D,Clothing,217.05,3,45,2023-01-20 22:00:00,38,Texas,651.1500000000001
552,33,Product B,Electronics,30.59,4,127,2023-01-22 11:00:00,47,California,122.36
553,61,Product A,Clothing,372.55,4,114,2023-02-19 15:00:00,38,California,1490.2
554,51,Product A,Electronics,459.86,2,276,2023-09-20 09:00:00,66,Texas,919.72
555,43,Product C,Electronics,147.22,1,205,2023-01-12 07:00:00,26,Texas,147.22
556,12,Product A,Home,430.59,2,273,2023-12-14 06:00:00,34,New York,861.18
557,67,Product B,Home,153.19,1,58,2023-11-21 02:00:00,22,Florida,153.19
558,65,Product B,Beauty,456.28,4,219,2023-09-08 08:00:00,48,California,1825.12
559,33,Product C,Home,379.44,1,109,2023-11-29 19:00:00,69,Florida,379.44
560,40,Product B,Home,404.4,4,279,2023-05-19 20:00:00,57,California,1617.6
561,74,Product D,Clothing,18.82,3,174,2023-02-02 19:00:00,55,New York,56.46
562,43,Product B,Home,481.78,3,264,2023-09-17 06:00:00,60,Texas,1445.34
563,44,Product B,Beauty,366.07,3,111,2023-01-26 22:00:00,36,New York,1098.21
564,29,Product A,Clothing,159.33,2,187,2023-06-10 01:00:00,53,Texas,318.66
565,13,Product A,Beauty,416.4,2,269,2023-06-03 04:00:00,67,Florida,832.8
566,12,Product B,Home,147.95,4,229,2023-04-18 04:00:00,50,Florida,591.8
567,95,Product C,Beauty,437.65,3,156,2023-10-16 03:00:00,30,New York,1312.9499999999998
568,46,Product A,Clothing,65.16,2,189,2023-07-29 17:00:00,31,Texas,130.32
569,2,Product C,Electronics,354.81,3,272,2023-11-21 12:00:00,50,New York,1064.43
570,35,Product B,Beauty,274.94,2,2,2023-08-06 06:00:00,46,Texas,549.88
571,87,Product B,Beauty,57.3,1,246,2023-07-16 08:00:00,60,Texas,57.3
572,81,Product D,Clothing,128.53,1,210,2023-01-03 18:00:00,66,Florida,128.53
573,90,Product A,Clothing,16.08,3,286,2023-11-10 21:00:00,53,Florida,48.239999999999995
574,8,Product B,Beauty,239.7,4,13,2023-07-12 08:00:00,61,Texas,958.8
575,93,Product D,Home,157.62,2,96,2023-02-17 12:00:00,27,Texas,315.24
576,26,Product A,Beauty,303.2,2,221,2023-08-27 18:00:00,48,Texas,606.4
577,74,Product B,Clothing,155.65,1,238,2023-11-08 01:00:00,23,Florida,155.65
578,90,Product B,Electronics,156.96,1,94,2023-07-06 07:00:00,18,Florida,156.96
579,34,Product A,Electronics,374.16,4,269,2023-05-20 03:00:00,24,California,1496.64
580,7,Product A,Home,33.59,4,171,2023-01-23 20:00:00,44,Texas,134.36
581,68,Product A,Beauty,452.42,4,94,2023-11-16 19:00:00,38,California,1809.68
582,58,Product B,Electronics,427.61,3,149,2023-12-11 08:00:00,45,Texas,1282.83
583,75,Product B,Beauty,337.22,1,112,2023-01-09 06:00:00,33,Florida,337.22
584,29,Product D,Clothing,300.68,3,55,2023-01-24 19:00:00,63,California,902.04
585,36,Product C,Electronics,447.23,1,116,2023-02-02 22:00:00,40,California,447.23
586,89,Product A,Home,100.81,1,143,2023-02-18 22:00:00,69,New York,100.81
587,21,Product B,Clothing,48.69,2,201,2023-01-08 10:00:00,37,Texas,97.38
588,36,Product B,Home,127.36,1,180,2023-04-04 12:00:00,55,Florida,127.36
589,10,Product A,Clothing,399.34,1,202,2023-06-20 06:00:00,42,New York,399.34
590,73,Product C,Electronics,26.99,3,53,2023-01-31 14:00:00,45,New York,80.97
591,24,Product A,Home,295.58,1,180,2023-09-17 16:00:00,22,Texas,295.58
592,64,Product C,Home,497.76,3,137,2023-02-03 06:00:00,38,New York,1493.28
593,99,Product B,Clothing,429.29,4,182,2023-11-13 17:00:00,35,Texas,1717.16
594,49,Product C,Home,265.51,1,1,2023-04-27 11:00:00,64,New York,265.51
595,99,Product D,Clothing,41.18,1,44,2023-07-11 04:00:00,23,Texas,41.18
596,36,Product B,Clothing,417.37,3,227,2023-11-01 01:00:00,46,Florida,1252.1100000000001
597,82,Product D,Clothing,303.5,4,98,2023-05-09 12:00:00,36,Texas,1214.0
598,96,Product A,Clothing,66.32,2,208,2023-01-31 11:00:00,50,Texas,132.64
599,24,Product A,Electronics,55.99,4,265,2023-02-17 01:00:00,18,California,223.96
600,23,Product A,Clothing,455.72,3,288,2023-03-08 21:00:00,62,Florida,1367.16
601,62,Product C,Beauty,337.91,4,271,2023-05-03 05:00:00,20,Florida,1351.64
602,96,Product B,Home,416.35,3,140,2023-12-21 20:00:00,59,Florida,1249.0500000000002
603,37,Product A,Beauty,440.7,3,237,2023-07-31 10:00:00,38,New York,1322.1
604,12,Product A,Electronics,290.17,2,72,2023-10-23 19:00:00,52,California,580.34
605,55,Product B,Beauty,263.55,1,155,2023-03-04 02:00:00,58,Florida,263.55
606,13,Product A,Home,220.91,3,190,2023-02-07 05:00:00,57,New York,662.73
607,23,Product D,Beauty,165.3,3,268,2023-02-27 22:00:00,20,New York,495.90000000000003
608,89,Product B,Electronics,222.95,2,107,2023-05-22 05:00:00,42,New York,445.9
609,99,Product B,Clothing,389.2,3,232,2023-06-26 15:00:00,62,California,1167.6
610,30,Product B,Beauty,304.94,1,42,2023-07-06 15:00:00,55,New York,304.94
611,17,Product D,Electronics,447.34,2,190,2023-04-05 07:00:00,62,California,894.68
612,62,Product B,Electronics,227.26,1,139,2023-05-24 00:00:00,37,Texas,227.26
613,84,Product D,Home,307.47,1,103,2023-04-09 19:00:00,69,New York,307.47
614,89,Product B,Home,319.34,2,171,2023-06-29 16:00:00,61,Florida,638.68
615,86,Product C,Beauty,299.93,3,273,2023-03-05 03:00:00,62,New York,899.79
616,13,Product A,Clothing,354.29,1,221,2023-09-21 14:00:00,51,Texas,354.29
617,59,Product C,Electronics,126.34,1,213,2023-10-23 08:00:00,38,Texas,126.34
618,19,Product A,Beauty,261.06,1,56,2023-08-21 18:00:00,65,New York,261.06
619,49,Product D,Electronics,61.07,1,102,2023-05-02 13:00:00,40,Texas,61.07
620,100,Product C,Electronics,198.41,2,192,2023-08-27 19:00:00,23,California,396.82
621,12,Product B,Clothing,248.96,2,200,2023-11-17 06:00:00,68,California,497.92
622,61,Product A,Clothing,329.59,4,233,2023-02-18 15:00:00,30,New York,1318.36
623,19,Product A,Beauty,475.76,4,227,2023-12-12 22:00:00,66,California,1903.04
624,76,Product C,Clothing,304.32,1,139,2023-08-01 21:00:00,40,California,304.32
625,9,Product D,Clothing,374.36,3,149,2023-06-30 07:00:00,26,Florida,1123.08
626,71,Product C,Beauty,258.07,1,115,2023-08-31 02:00:00,34,New York,258.07
627,28,Product D,Clothing,320.71,3,63,2023-06-02 07:00:00,19,Texas,962.1299999999999
628,78,Product D,Home,44.76,1,104,2023-06-08 01:00:00,36,New York,44.76
629,95,Product A,Electronics,134.65,4,156,2023-10-08 18:00:00,36,California,538.6
630,52,Product C,Electronics,187.31,4,273,2023-03-07 17:00:00,24,Florida,749.24
631,83,Product C,Electronics,241.52,3,6,2023-04-03 12:00:00,59,New York,724.5600000000001
632,16,Product D,Electronics,32.37,1,147,2023-02-12 22:00:00,59,New York,32.37
633,69,Product C,Beauty,78.61,3,184,2023-10-06 19:00:00,37,California,235.82999999999998
634,99,Product B,Electronics,145.64,4,28,2023-06-16 08:00:00,26,California,582.56
635,12,Product B,Electronics,486.05,1,38,2023-02-08 01:00:00,34,New York,486.05
636,25,Product C,Electronics,172.36,1,119,2023-09-22 22:00:00,44,California,172.36
637,52,Product C,Electronics,246.2,3,293,2023-04-01 21:00:00,64,California,738.5999999999999
638,85,Product D,Home,106.09,2,244,2023-05-14 05:00:00,19,California,212.18
639,100,Product B,Electronics,309.28,3,68,2023-09-09 16:00:00,53,California,927.8399999999999
640,53,Product B,Home,147.53,4,214,2023-03-02 22:00:00,36,California,590.12
641,23,Product A,Beauty,111.43,4,218,2023-10-21 05:00:00,34,Florida,445.72
642,16,Product D,Clothing,263.12,4,177,2023-07-28 02:00:00,22,California,1052.48
643,57,Product A,Electronics,12.7,4,299,2023-08-10 04:00:00,56,Texas,50.8
644,39,Product B,Clothing,13.76,4,164,2023-09-17 05:00:00,35,New York,55.04
645,53,Product D,Clothing,117.34,2,58,2023-10-23 10:00:00,24,Florida,234.68
646,42,Product C,Beauty,27.99,1,269,2023-11-20 17:00:00,34,Florida,27.99
647,58,Product D,Clothing,62.93,3,58,2023-01-29 15:00:00,56,California,188.79
648,39,Product C,Home,176.04,3,288,2023-07-14 05:00:00,53,New York,528.12
649,14,Product C,Clothing,403.27,4,105,2023-03-20 22:00:00,57,Texas,1613.08
650,95,Product D,Clothing,290.3,3,228,2023-11-04 21:00:00,62,California,870.9000000000001
651,5,Product C,Clothing,261.21,4,247,2023-07-25 02:00:00,21,New York,1044.84
652,35,Product A,Electronics,153.81,2,188,2023-09-21 10:00:00,55,California,307.62
653,87,Product B,Electronics,466.56,2,83,2023-05-13 15:00:00,42,California,933.12
654,93,Product C,Home,204.54,1,186,2023-06-08 05:00:00,22,California,204.54
655,75,Product A,Home,52.68,2,252,2023-08-04 18:00:00,47,California,105.36
656,18,Product C,Electronics,312.36,2,238,2023-06-15 08:00:00,29,California,624.72
657,76,Product B,Home,65.78,1,184,2023-04-24 04:00:00,21,California,65.78
658,9,Product A,Electronics,179.16,3,284,2023-01-08 22:00:00,41,California,537.48
659,74,Product B,Beauty,258.63,4,210,2023-02-25 15:00:00,46,Texas,1034.52
660,58,Product B,Clothing,438.37,4,296,2023-12-07 21:00:00,26,Florida,1753.48
661,17,Product A,Clothing,251.84,3,97,2023-01-16 18:00:00,21,Texas,755.52
662,7,Product A,Home,354.11,1,208,2023-06-09 13:00:00,68,California,354.11
663,46,Product A,Electronics,496.48,3,137,2023-09-23 20:00:00,41,California,1489.44
664,13,Product D,Electronics,74.43,2,184,2023-01-26 15:00:00,31,Texas,148.86
665,40,Product A,Home,144.62,1,76,2023-04-08 02:00:00,22,Texas,144.62
666,42,Product A,Electronics,203.34,1,287,2023-03-15 02:00:00,35,Florida,203.34
667,9,Product A,Beauty,216.7,1,142,2023-01-20 07:00:00,59,Texas,216.7
668,50,Product A,Clothing,211.4,4,237,2023-06-27 19:00:00,36,Florida,845.6
669,27,Product C,Home,454.73,3,25,2023-05-12 14:00:00,29,California,1364.19
670,66,Product D,Home,359.88,1,290,2023-06-01 00:00:00,35,New York,359.88
671,5,Product B,Electronics,307.87,1,67,2023-07-25 18:00:00,34,New York,307.87
672,29,Product A,Home,161.59,1,250,2023-08-14 17:00:00,47,New York,161.59
673,37,Product C,Beauty,413.66,3,118,2023-09-08 04:00:00,41,New York,1240.98
674,38,Product C,Electronics,477.98,4,73,2023-08-22 11:00:00,28,California,1911.92
675,83,Product C,Electronics,412.39,2,282,2023-04-03 04:00:00,52,New York,824.78
676,8,Product B,Electronics,10.77,4,10,2023-09-13 00:00:00,40,Texas,43.08
677,65,Product A,Electronics,321.84,1,211,2023-08-31 10:00:00,34,Texas,321.84
678,86,Product D,Beauty,35.06,4,152,2023-01-16 22:00:00,18,New York,140.24
679,17,Product D,Electronics,136.23,4,5,2023-04-05 00:00:00,32,Texas,544.92
680,71,Product C,Home,39.17,2,195,2023-02-28 20:00:00,49,Florida,78.34
681,89,Product B,Beauty,305.86,3,283,2023-09-14 02:00:00,26,California,917.58
682,45,Product B,Clothing,346.43,3,113,2023-01-16 11:00:00,32,New York,1039.29
683,4,Product B,Clothing,66.1,4,271,2023-08-30 22:00:00,45,New York,264.4
684,36,Product D,Home,198.08,4,163,2023-08-20 21:00:00,41,California,792.32
685,70,Product C,Home,233.56,3,105,2023-12-13 03:00:00,52,Texas,700.6800000000001
686,31,Product A,Beauty,190.84,3,181,2023-11-06 21:00:00,39,California,572.52
687,19,Product D,Clothing,69.3,2,44,2023-01-19 14:00:00,44,California,138.6
688,61,Product C,Clothing,215.28,1,282,2023-02-27 23:00:00,36,Texas,215.28
689,54,Product C,Clothing,378.08,4,175,2023-02-25 20:00:00,62,California,1512.32
690,39,Product A,Clothing,44.79,3,162,2023-05-03 11:00:00,29,Texas,134.37
691,91,Product A,Clothing,49.29,4,140,2023-09-06 17:00:00,37,Texas,197.16
692,74,Product A,Electronics,183.84,4,132,2023-07-20 13:00:00,18,California,735.36
693,90,Product B,Home,471.45,3,87,2023-05-29 17:00:00,38,Florida,1414.35
694,19,Product A,Electronics,337.6,2,176,2023-08-16 06:00:00,66,Texas,675.2
695,39,Product C,Clothing,342.55,4,183,2023-05-12 06:00:00,62,California,1370.2
696,67,Product A,Beauty,187.34,2,129,2023-09-25 06:00:00,18,Texas,374.68
697,45,Product C,Beauty,300.89,3,246,2023-07-14 01:00:00,27,Florida,902.67
698,13,Product D,Clothing,14.96,1,89,2023-10-17 11:00:00,64,Florida,14.96
699,92,Product B,Clothing,321.69,1,66,2023-11-27 23:00:00,49,New York,321.69
700,58,Product D,Beauty,457.51,4,158,2023-06-02 14:00:00,56,Texas,1830.04
701,20,Product D,Electronics,310.16,3,149,2023-07-06 18:00:00,39,Texas,930.48
702,92,Product C,Electronics,438.11,2,116,2023-07-19 21:00:00,35,California,876.22
703,72,Product D,Clothing,364.75,4,214,2023-07-31 04:00:00,65,Texas,1459.0
704,61,Product C,Electronics,69.07,3,294,2023-08-17 08:00:00,63,New York,207.20999999999998
705,39,Product A,Beauty,452.2,3,253,2023-12-01 17:00:00,49,Florida,1356.6
706,1,Product A,Electronics,42.56,2,143,2023-02-10 23:00:00,44,Florida,85.12
707,3,Product C,Clothing,271.64,4,250,2023-08-22 15:00:00,45,New York,1086.56
708,77,Product A,Beauty,79.65,3,25,2023-12-22 23:00:00,35,Texas,238.95000000000002
709,92,Product B,Electronics,15.74,3,277,2023-03-21 11:00:00,56,Texas,47.22
710,62,Product D,Home,216.8,3,70,2023-10-16 12:00:00,66,New York,650.4000000000001
711,63,Product B,Beauty,154.57,2,113,2023-06-23 22:00:00,46,California,309.14
712,25,Product D,Beauty,248.14,4,112,2023-10-30 17:00:00,35,Florida,992.56
713,56,Product A,Home,292.83,4,91,2023-03-24 22:00:00,61,New York,1171.32
714,33,Product B,Home,31.43,4,18,2023-08-22 04:00:00,25,New York,125.72
715,38,Product A,Beauty,70.27,4,149,2023-06-16 14:00:00,48,Texas,281.08
716,6,Product D,Home,283.73,1,227,2023-06-07 07:00:00,51,Florida,283.73
717,58,Product C,Clothing,178.15,1,214,2023-07-13 13:00:00,24,Texas,178.15
718,44,Product C,Clothing,367.3,4,151,2023-03-27 21:00:00,53,New York,1469.2
719,45,Product B,Clothing,329.62,2,192,2023-07-06 23:00:00,35,California,659.24
720,32,Product A,Beauty,424.35,1,40,2023-07-04 19:00:00,55,Florida,424.35
721,45,Product A,Home,349.32,3,242,2023-04-21 04:00:00,26,New York,1047.96
722,61,Product B,Home,220.67,1,138,2023-02-13 13:00:00,26,New York,220.67
723,47,Product C,Electronics,339.75,3,180,2023-11-28 07:00:00,63,California,1019.25
724,21,Product D,Electronics,144.94,4,200,2023-09-26 17:00:00,25,New York,579.76
725,80,Product B,Home,160.09,1,203,2023-04-22 17:00:00,68,New York,160.09
726,85,Product D,Home,396.6,2,61,2023-05-14 07:00:00,52,Florida,793.2
727,75,Product C,Home,228.75,1,192,2023-10-10 00:00:00,35,Florida,228.75
728,36,Product A,Beauty,401.21,1,5,2023-11-07 00:00:00,22,Florida,401.21
729,99,Product C,Home,412.99,1,237,2023-12-26 17:00:00,31,Texas,412.99
730,19,Product B,Electronics,430.21,4,181,2023-04-17 06:00:00,45,California,1720.84
731,20,Product A,Beauty,459.15,2,37,2023-06-26 01:00:00,47,Florida,918.3
732,57,Product B,Home,221.18,1,56,2023-01-25 20:00:00,21,Texas,221.18
733,18,Product B,Electronics,166.24,2,237,2023-09-10 06:00:00,56,Texas,332.48
734,47,Product C,Beauty,295.28,4,197,2023-03-04 17:00:00,37,California,1181.12
735,49,Product B,Home,191.87,3,73,2023-09-27 12:00:00,42,California,575.61
736,14,Product C,Home,304.53,1,59,2023-10-29 12:00:00,45,New York,304.53
737,15,Product A,Home,355.74,2,240,2023-03-06 15:00:00,29,Texas,711.48
738,31,Product C,Beauty,347.32,2,2,2023-10-13 12:00:00,19,Florida,694.64
739,1,Product A,Electronics,193.53,4,188,2023-03-02 09:00:00,60,California,774.12
740,54,Product C,Electronics,91.76,1,30,2023-09-06 01:00:00,31,Texas,91.76
741,3,Product D,Clothing,220.96,3,267,2023-12-19 08:00:00,39,Florida,662.88
742,16,Product D,Home,79.87,2,108,2023-12-02 02:00:00,48,Texas,159.74
743,87,Product B,Clothing,446.15,1,90,2023-04-21 19:00:00,40,California,446.15
744,57,Product C,Clothing,179.48,3,205,2023-11-09 21:00:00,65,New York,538.4399999999999
745,75,Product C,Electronics,85.69,2,220,2023-11-25 21:00:00,37,Texas,171.38
746,12,Product A,Beauty,22.47,2,94,2023-11-07 05:00:00,55,Florida,44.94
747,74,Product B,Beauty,326.45,3,103,2023-04-24 09:00:00,21,California,979.3499999999999
748,96,Product C,Electronics,322.08,3,223,2023-05-02 21:00:00,32,New York,966.24
749,16,Product B,Beauty,176.9,4,186,2023-10-24 00:00:00,41,Florida,707.6
750,72,Product D,Clothing,45.14,1,184,2023-09-18 00:00:00,42,Florida,45.14
751,76,Product C,Home,210.72,1,162,2023-01-22 08:00:00,18,Florida,210.72
752,24,Product C,Electronics,162.5,4,247,2023-01-09 23:00:00,24,Texas,650.0
753,28,Product B,Home,341.79,2,31,2023-11-01 03:00:00,48,California,683.58
754,8,Product C,Beauty,306.83,3,52,2023-05-12 09:00:00,29,Florida,920.49
755,92,Product B,Home,188.65,3,76,2023-11-07 10:00:00,59,Texas,565.95
756,36,Product C,Beauty,116.77,3,278,2023-03-13 02:00:00,22,California,350.31
757,90,Product A,Beauty,494.14,2,40,2023-03-07 07:00:00,61,California,988.28
758,8,Product B,Clothing,232.46,3,101,2023-02-17 00:00:00,67,Texas,697.38
759,58,Product C,Beauty,347.25,3,111,2023-05-27 06:00:00,59,Texas,1041.75
760,60,Product D,Clothing,78.87,4,249,2023-11-24 19:00:00,55,Florida,315.48
761,50,Product C,Clothing,247.94,2,191,2023-04-09 13:00:00,29,California,495.88
762,28,Product D,Clothing,23.49,1,182,2023-08-21 15:00:00,56,New York,23.49
763,92,Product D,Electronics,257.67,4,209,2023-07-24 01:00:00,35,Texas,1030.68
764,41,Product A,Electronics,482.37,4,22,2023-08-27 06:00:00,19,California,1929.48
765,100,Product B,Beauty,198.26,1,166,2023-09-08 01:00:00,27,California,198.26
766,64,Product C,Clothing,29.11,4,99,2023-07-10 07:00:00,32,Florida,116.44
767,27,Product A,Electronics,25.17,2,208,2023-04-25 05:00:00,47,New York,50.34
768,63,Product C,Clothing,200.11,3,8,2023-05-06 20:00:00,61,Florida,600.33
769,17,Product D,Home,88.41,2,190,2023-09-18 16:00:00,34,New York,176.82
770,73,Product B,Home,21.44,1,175,2023-01-10 12:00:00,21,New York,21.44
771,33,Product C,Home,380.54,1,273,2023-12-15 10:00:00,24,Texas,380.54
772,84,Product C,Beauty,234.68,4,17,2023-01-13 06:00:00,58,California,938.72
773,77,Product D,Clothing,151.73,2,90,2023-06-28 12:00:00,48,California,303.46
774,92,Product C,Home,451.04,2,141,2023-12-26 01:00:00,68,California,902.08
775,29,Product C,Electronics,66.91,1,145,2023-10-11 09:00:00,56,New York,66.91
776,13,Product D,Home,478.4,2,166,2023-02-08 06:00:00,51,California,956.8
777,46,Product A,Home,163.84,1,78,2023-01-21 18:00:00,23,Texas,163.84
778,35,Product D,Home,445.32,2,262,2023-04-28 01:00:00,67,New York,890.64
779,6,Product A,Beauty,305.44,2,163,2023-07-26 17:00:00,55,New York,610.88
780,82,Product B,Electronics,415.09,2,14,2023-06-07 11:00:00,62,New York,830.18
781,69,Product A,Clothing,492.17,1,239,2023-03-30 06:00:00,68,New York,492.17
782,47,Product A,Electronics,151.32,4,72,2023-09-24 07:00:00,51,Texas,605.28
783,25,Product B,Clothing,480.96,2,143,2023-01-07 01:00:00,61,California,961.92
784,66,Product A,Beauty,200.85,1,283,2023-11-27 22:00:00,32,Texas,200.85
785,10,Product D,Beauty,198.9,1,269,2023-07-10 05:00:00,31,California,198.9
786,56,Product A,Beauty,176.79,2,241,2023-01-09 00:00:00,23,Texas,353.58
787,30,Product B,Beauty,275.29,2,245,2023-08-05 03:00:00,67,Florida,550.58
788,5,Product D,Clothing,85.53,4,163,2023-10-04 13:00:00,54,Florida,342.12
789,33,Product B,Home,281.32,1,60,2023-12-10 11:00:00,67,Florida,281.32
790,65,Product B,Clothing,275.44,1,6,2023-04-11 10:00:00,49,Florida,275.44
791,18,Product C,Electronics,383.33,3,197,2023-03-17 20:00:00,20,New York,1149.99
792,96,Product C,Beauty,418.49,1,58,2023-05-04 12:00:00,20,New York,418.49
793,49,Product B,Beauty,225.82,4,217,2023-04-16 01:00:00,39,Texas,903.28
794,11,Product B,Electronics,158.14,3,26,2023-04-18 00:00:00,39,Texas,474.41999999999996
795,85,Product B,Clothing,137.07,3,5,2023-09-03 02:00:00,27,Florida,411.21
796,26,Product C,Home,105.37,3,20,2023-03-19 19:00:00,68,California,316.11
797,63,Product C,Home,38.25,2,198,2023-11-08 01:00:00,20,Florida,76.5
798,89,Product A,Electronics,177.8,2,59,2023-11-13 18:00:00,29,Texas,355.6
799,86,Product A,Home,142.42,1,242,2023-05-14 07:00:00,46,Florida,142.42
800,59,Product B,Clothing,483.54,3,146,2023-09-12 07:00:00,65,Texas,1450.6200000000001
801,27,Product D,Clothing,283.28,4,273,2023-01-11 00:00:00,34,Florida,1133.12
802,49,Product D,Electronics,180.17,2,249,2023-05-24 08:00:00,24,California,360.34
803,77,Product C,Clothing,294.43,4,14,2023-07-12 23:00:00,30,Florida,1177.72
804,33,Product C,Beauty,78.21,4,13,2023-12-11 18:00:00,19,California,312.84
805,98,Product C,Electronics,227.58,2,44,2023-07-31 13:00:00,21,California,455.16
806,99,Product B,Clothing,316.85,2,19,2023-06-07 00:00:00,27,Texas,633.7
807,1,Product D,Electronics,249.56,2,63,2023-11-30 03:00:00,56,California,499.12
808,21,Product A,Home,206.87,2,239,2023-09-25 21:00:00,41,New York,413.74
809,55,Product B,Clothing,496.99,3,100,2023-05-31 05:00:00,34,New York,1490.97
810,6,Product A,Beauty,441.35,3,163,2023-04-01 13:00:00,69,New York,1324.0500000000002
811,92,Product A,Clothing,315.47,3,122,2023-10-01 16:00:00,23,Texas,946.4100000000001
812,81,Product B,Electronics,288.99,3,44,2023-04-19 09:00:00,36,New York,866.97
813,69,Product A,Electronics,314.12,1,145,2023-04-21 17:00:00,22,Texas,314.12
814,95,Product D,Clothing,108.64,3,50,2023-09-11 08:00:00,49,Texas,325.92
815,5,Product A,Beauty,203.62,2,65,2023-11-02 05:00:00,27,New York,407.24
816,3,Product D,Beauty,29.34,4,288,2023-03-31 23:00:00,26,California,117.36
817,53,Product D,Beauty,243.02,3,164,2023-06-09 14:00:00,44,Florida,729.0600000000001
818,23,Product D,Electronics,276.08,1,141,2023-12-13 09:00:00,30,Texas,276.08
819,53,Product C,Clothing,121.6,2,128,2023-07-02 00:00:00,36,New York,243.2
820,37,Product A,Home,482.37,4,239,2023-02-24 21:00:00,38,Texas,1929.48
821,74,Product B,Electronics,455.63,4,296,2023-07-07 05:00:00,41,California,1822.52
822,74,Product B,Beauty,363.85,3,187,2023-02-21 06:00:00,55,California,1091.5500000000002
823,83,Product A,Clothing,271.36,4,208,2023-02-17 05:00:00,21,New York,1085.44
824,17,Product C,Beauty,436.28,3,220,2023-11-13 23:00:00,41,Texas,1308.84
825,85,Product C,Home,74.02,3,190,2023-02-24 05:00:00,52,Florida,222.06
826,78,Product D,Beauty,397.35,2,284,2023-03-21 14:00:00,20,Florida,794.7
827,73,Product A,Beauty,71.16,2,237,2023-12-03 18:00:00,21,Texas,142.32
828,1,Product A,Home,399.16,1,194,2023-12-04 19:00:00,54,Texas,399.16
829,51,Product B,Clothing,145.13,2,287,2023-11-29 02:00:00,57,Texas,290.26
830,45,Product A,Electronics,439.77,2,259,2023-03-21 20:00:00,65,New York,879.54
831,77,Product C,Clothing,472.58,3,246,2023-10-19 12:00:00,52,California,1417.74
832,4,Product A,Home,82.91,2,136,2023-04-25 21:00:00,48,Florida,165.82
833,62,Product B,Beauty,236.71,3,280,2023-09-27 08:00:00,61,New York,710.13
834,65,Product D,Clothing,490.68,3,271,2023-01-08 10:00:00,42,Texas,1472.04
835,32,Product B,Electronics,246.87,2,171,2023-09-23 02:00:00,57,Texas,493.74
836,34,Product B,Home,433.14,1,159,2023-12-28 19:00:00,30,California,433.14
837,92,Product D,Clothing,298.48,1,201,2023-01-03 12:00:00,21,Texas,298.48
838,95,Product B,Electronics,193.91,4,45,2023-10-06 09:00:00,63,New York,775.64
839,72,Product B,Home,150.03,4,264,2023-05-01 15:00:00,31,New York,600.12
840,39,Product A,Electronics,109.58,2,71,2023-01-25 09:00:00,30,California,219.16
841,26,Product A,Home,383.28,1,103,2023-08-31 15:00:00,44,New York,383.28
842,34,Product D,Beauty,199.4,3,125,2023-01-23 06:00:00,23,Florida,598.2
843,54,Product A,Clothing,260.52,4,286,2023-05-25 06:00:00,34,New York,1042.08
844,3,Product A,Electronics,251.24,3,230,2023-06-17 03:00:00,53,New York,753.72
845,50,Product B,Home,292.87,4,146,2023-05-22 14:00:00,57,New York,1171.48
846,12,Product C,Electronics,434.13,2,197,2023-03-31 19:00:00,66,Florida,868.26
847,65,Product A,Electronics,490.56,1,221,2023-09-06 14:00:00,52,Texas,490.56
848,54,Product C,Clothing,209.72,4,60,2023-11-02 09:00:00,34,New York,838.88
849,5,Product A,Beauty,415.48,1,98,2023-10-17 21:00:00,58,California,415.48
850,94,Product A,Electronics,384.62,3,171,2023-08-10 21:00:00,19,Florida,1153.8600000000001
851,94,Product D,Home,291.03,2,173,2023-12-21 22:00:00,30,California,582.06
852,57,Product D,Home,478.46,1,151,2023-07-15 23:00:00,69,New York,478.46
853,17,Product D,Beauty,108.23,2,122,2023-04-23 18:00:00,19,California,216.46
854,47,Product C,Home,63.54,1,108,2023-01-01 01:00:00,69,New York,63.54
855,23,Product B,Beauty,428.44,3,4,2023-12-13 12:00:00,45,Florida,1285.32
856,79,Product A,Home,225.18,3,93,2023-02-16 00:00:00,60,California,675.54
857,85,Product A,Clothing,425.01,2,6,2023-03-19 13:00:00,43,California,850.02
858,14,Product A,Electronics,447.61,3,288,2023-08-08 13:00:00,39,New York,1342.83
859,66,Product C,Clothing,40.6,4,106,2023-10-17 07:00:00,64,New York,162.4
860,75,Product D,Electronics,442.9,1,146,2023-12-13 16:00:00,60,Texas,442.9
861,51,Product B,Electronics,229.68,3,271,2023-01-19 05:00:00,20,New York,689.04
862,38,Product C,Electronics,260.11,4,96,2023-07-21 22:00:00,52,New York,1040.44
863,64,Product D,Clothing,317.03,2,229,2023-05-11 09:00:00,29,Texas,634.06
864,98,Product C,Electronics,463.93,4,202,2023-12-03 17:00:00,41,New York,1855.72
865,38,Product B,Clothing,19.37,2,212,2023-02-07 13:00:00,22,New York,38.74
866,50,Product D,Beauty,243.65,2,6,2023-08-13 22:00:00,37,Texas,487.3
867,98,Product C,Home,346.98,1,112,2023-10-06 06:00:00,56,Florida,346.98
868,82,Product B,Home,364.13,1,106,2023-08-19 09:00:00,56,Florida,364.13
869,30,Product A,Electronics,349.34,4,139,2023-10-03 04:00:00,30,New York,1397.36
870,79,Product B,Clothing,75.87,1,299,2023-06-13 06:00:00,58,New York,75.87
871,91,Product A,Home,156.7,1,96,2023-02-14 11:00:00,62,Texas,156.7
872,51,Product C,Clothing,185.77,1,297,2023-01-02 02:00:00,29,Texas,185.77
873,63,Product D,Clothing,404.17,4,214,2023-10-17 01:00:00,30,Florida,1616.68
874,98,Product D,Electronics,146.59,3,291,2023-10-30 16:00:00,27,California,439.77
875,52,Product C,Home,113.25,1,22,2023-10-24 14:00:00,50,New York,113.25
876,38,Product D,Electronics,479.15,1,193,2023-01-23 19:00:00,57,California,479.15
877,97,Product D,Electronics,14.34,4,150,2023-08-11 10:00:00,33,California,57.36
878,88,Product A,Home,498.93,3,247,2023-05-11 20:00:00,62,Texas,1496.79
879,79,Product C,Home,341.64,1,267,2023-11-30 04:00:00,52,New York,341.64
880,30,Product B,Beauty,415.95,2,251,2023-03-08 06:00:00,20,New York,831.9
881,51,Product A,Beauty,154.36,4,3,2023-11-21 00:00:00,22,Texas,617.44
882,81,Product C,Clothing,17.01,1,76,2023-07-25 23:00:00,43,California,17.01
883,5,Product A,Home,371.56,1,87,2023-11-21 22:00:00,28,Texas,371.56
884,29,Product B,Beauty,418.73,2,270,2023-06-07 23:00:00,24,Florida,837.46
885,4,Product B,Clothing,372.83,2,225,2023-02-26 13:00:00,27,New York,745.66
886,10,Product C,Clothing,80.0,4,18,2023-12-04 04:00:00,59,Florida,320.0
887,56,Product B,Clothing,379.18,4,113,2023-05-15 09:00:00,69,Texas,1516.72
888,17,Product A,Beauty,386.77,2,251,2023-04-13 12:00:00,51,New York,773.54
889,74,Product B,Home,332.68,4,233,2023-04-24 16:00:00,20,Florida,1330.72
890,17,Product A,Electronics,385.4,2,279,2023-10-08 06:00:00,25,Florida,770.8
891,84,Product A,Clothing,424.5,1,202,2023-11-08 17:00:00,48,California,424.5
892,88,Product B,Beauty,310.67,2,83,2023-09-25 22:00:00,28,New York,621.34
893,69,Product C,Beauty,53.42,2,125,2023-05-10 18:00:00,62,Florida,106.84
894,34,Product D,Electronics,248.94,3,175,2023-01-26 16:00:00,24,Florida,746.8199999999999
895,6,Product B,Electronics,48.05,2,69,2023-06-01 20:00:00,62,California,96.1
896,53,Product A,Beauty,209.7,2,47,2023-09-25 05:00:00,19,Florida,419.4
897,66,Product A,Home,209.48,3,256,2023-02-20 03:00:00,23,Florida,628.4399999999999
898,77,Product B,Electronics,42.34,4,215,2023-04-17 21:00:00,58,Florida,169.36
899,43,Product C,Beauty,180.92,3,30,2023-05-13 06:00:00,49,California,542.76
900,75,Product C,Electronics,64.39,1,281,2023-05-09 09:00:00,37,Florida,64.39
901,23,Product A,Home,406.04,3,237,2023-04-20 14:00:00,51,Florida,1218.1200000000001
902,55,Product A,Clothing,474.37,1,248,2023-05-12 17:00:00,67,New York,474.37
903,80,Product C,Electronics,45.44,4,25,2023-06-30 01:00:00,33,New York,181.76
904,95,Product D,Home,478.01,3,74,2023-09-19 05:00:00,42,California,1434.03
905,75,Product B,Beauty,266.06,3,206,2023-10-23 19:00:00,29,Texas,798.1800000000001
906,16,Product A,Electronics,156.79,4,94,2023-11-04 08:00:00,24,New York,627.16
907,8,Product A,Electronics,47.66,1,127,2023-06-19 22:00:00,56,California,47.66
908,4,Product C,Beauty,255.31,3,25,2023-08-30 17:00:00,34,Florida,765.9300000000001
909,4,Product B,Clothing,399.31,1,116,2023-06-22 23:00:00,62,Florida,399.31
910,56,Product C,Beauty,356.47,3,48,2023-04-19 08:00:00,28,California,1069.41
911,25,Product B,Electronics,34.61,2,226,2023-09-15 07:00:00,23,Florida,69.22
912,67,Product B,Beauty,45.72,3,266,2023-01-28 18:00:00,40,Florida,137.16
913,96,Product B,Home,207.41,4,99,2023-01-12 19:00:00,44,Texas,829.64
914,67,Product A,Beauty,154.69,4,11,2023-09-01 08:00:00,63,Florida,618.76
915,27,Product D,Electronics,123.87,1,85,2023-05-29 13:00:00,23,New York,123.87
916,93,Product C,Beauty,147.69,3,214,2023-07-11 09:00:00,55,Florida,443.07
917,32,Product D,Clothing,403.71,1,173,2023-03-03 01:00:00,19,California,403.71
918,50,Product C,Beauty,465.32,1,209,2023-12-13 17:00:00,39,Texas,465.32
919,61,Product B,Clothing,208.5,2,64,2023-07-17 06:00:00,37,Florida,417.0
920,51,Product A,Home,453.99,2,258,2023-09-18 17:00:00,42,California,907.98
921,19,Product D,Clothing,167.53,4,121,2023-11-03 22:00:00,32,New York,670.12
922,21,Product A,Beauty,243.45,1,298,2023-06-03 00:00:00,66,Florida,243.45
923,5,Product C,Electronics,120.75,4,54,2023-11-04 14:00:00,46,Texas,483.0
924,82,Product A,Clothing,323.83,3,272,2023-10-02 11:00:00,25,Florida,971.49
925,92,Product A,Home,489.7,1,241,2023-02-11 08:00:00,54,California,489.7
926,42,Product D,Clothing,305.71,1,243,2023-10-13 18:00:00,66,Texas,305.71
927,61,Product B,Clothing,185.33,3,18,2023-03-30 09:00:00,69,Florida,555.99
928,22,Product A,Clothing,327.43,3,187,2023-04-03 15:00:00,50,New York,982.29
929,21,Product B,Home,70.23,4,144,2023-07-08 10:00:00,39,Texas,280.92
930,70,Product C,Beauty,445.44,4,262,2023-05-13 20:00:00,67,New York,1781.76
931,1,Product A,Clothing,256.51,3,239,2023-05-15 21:00:00,64,California,769.53
932,5,Product D,Clothing,230.18,4,298,2023-06-22 08:00:00,22,Florida,920.72
933,12,Product C,Electronics,297.07,3,76,2023-01-15 07:00:00,56,New York,891.21
934,90,Product C,Home,316.14,1,188,2023-07-16 00:00:00,35,California,316.14
935,46,Product D,Clothing,45.17,1,246,2023-07-20 23:00:00,55,Florida,45.17
936,34,Product A,Home,344.48,2,130,2023-07-25 00:00:00,54,California,688.96
937,49,Product A,Clothing,128.55,1,283,2023-05-14 09:00:00,47,New York,128.55
938,78,Product C,Beauty,359.84,3,79,2023-08-16 23:00:00,68,California,1079.52
939,90,Product A,Beauty,413.04,4,72,2023-02-07 00:00:00,48,Texas,1652.16
940,45,Product B,Clothing,403.94,2,263,2023-10-24 23:00:00,27,Florida,807.88
941,27,Product D,Beauty,280.73,4,191,2023-06-05 00:00:00,32,California,1122.92
942,73,Product B,Clothing,264.88,3,63,2023-05-01 03:00:00,59,New York,794.64
943,26,Product A,Beauty,80.01,1,12,2023-06-25 12:00:00,65,Florida,80.01
944,47,Product C,Electronics,389.92,2,141,2023-10-18 01:00:00,61,Texas,779.84
945,86,Product D,Electronics,142.99,3,254,2023-04-11 15:00:00,35,Florida,428.97
946,56,Product A,Electronics,253.38,2,43,2023-05-06 01:00:00,40,Texas,506.76
947,94,Product A,Home,149.29,2,17,2023-03-14 10:00:00,50,Florida,298.58
948,63,Product C,Home,75.58,1,63,2023-02-26 20:00:00,33,California,75.58
949,48,Product C,Electronics,318.48,3,253,2023-04-23 20:00:00,55,California,955.44
950,61,Product B,Home,36.62,4,292,2023-02-08 12:00:00,52,New York,146.48
951,81,Product D,Beauty,376.84,2,8,2023-01-07 07:00:00,51,Texas,753.68
952,26,Product D,Clothing,165.62,2,90,2023-12-02 04:00:00,45,New York,331.24
953,36,Product C,Clothing,10.07,4,208,2023-02-08 00:00:00,19,California,40.28
954,1,Product B,Clothing,260.45,3,292,2023-04-07 17:00:00,47,Texas,781.3499999999999
955,8,Product D,Electronics,32.96,2,284,2023-01-21 15:00:00,30,New York,65.92
956,99,Product C,Home,145.32,2,118,2023-03-31 12:00:00,58,New York,290.64
957,52,Product A,Beauty,356.42,2,175,2023-01-24 04:00:00,33,New York,712.84
958,79,Product D,Beauty,40.72,3,76,2023-03-06 16:00:00,22,New York,122.16
959,47,Product B,Electronics,421.28,3,101,2023-03-30 08:00:00,45,New York,1263.84
960,56,Product B,Beauty,11.87,4,151,2023-05-09 13:00:00,56,Texas,47.48
961,86,Product B,Beauty,130.94,3,270,2023-05-27 00:00:00,62,New York,392.82
962,14,Product A,Beauty,373.04,3,71,2023-01-07 12:00:00,37,Texas,1119.1200000000001
963,90,Product D,Beauty,164.97,1,180,2023-11-09 17:00:00,41,New York,164.97
964,28,Product D,Home,59.93,4,124,2023-10-26 10:00:00,44,California,239.72
965,87,Product A,Beauty,186.51,2,293,2023-08-19 03:00:00,47,California,373.02
966,78,Product D,Clothing,142.49,3,285,2023-11-11 07:00:00,62,New York,427.47
967,88,Product A,Electronics,422.93,2,195,2023-12-02 15:00:00,44,Florida,845.86
968,2,Product A,Home,163.54,2,228,2023-07-13 22:00:00,43,California,327.08
969,26,Product A,Beauty,396.58,1,275,2023-09-18 10:00:00,24,Texas,396.58
970,14,Product B,Home,447.02,3,106,2023-10-29 22:00:00,59,New York,1341.06
971,59,Product D,Beauty,222.57,4,21,2023-01-07 10:00:00,64,Texas,890.28
972,56,Product A,Clothing,455.87,3,64,2023-11-28 06:00:00,55,Florida,1367.6100000000001
973,7,Product D,Electronics,194.89,2,165,2023-02-11 12:00:00,22,New York,389.78
974,3,Product B,Beauty,482.4,4,27,2023-07-12 18:00:00,40,California,1929.6
975,23,Product A,Beauty,53.75,3,285,2023-05-02 01:00:00,45,Texas,161.25
976,18,Product C,Beauty,346.64,2,148,2023-01-07 09:00:00,51,California,693.28
977,38,Product B,Beauty,251.97,2,281,2023-11-24 05:00:00,32,California,503.94
978,99,Product C,Electronics,199.95,1,164,2023-09-28 01:00:00,49,New York,199.95
979,15,Product D,Electronics,320.03,1,224,2023-08-22 07:00:00,43,Texas,320.03
980,64,Product D,Clothing,354.89,1,272,2023-03-13 12:00:00,65,Florida,354.89
981,89,Product B,Electronics,12.14,2,146,2023-02-02 18:00:00,48,California,24.28
982,28,Product D,Beauty,91.81,3,30,2023-07-02 00:00:00,36,New York,275.43
983,74,Product C,Clothing,359.39,1,45,2023-12-04 08:00:00,26,New York,359.39
984,39,Product A,Clothing,336.53,3,275,2023-06-28 00:00:00,46,Florida,1009.5899999999999
985,57,Product A,Clothing,483.36,1,34,2023-06-06 23:00:00,68,New York,483.36
986,17,Product A,Beauty,382.91,4,141,2023-09-07 18:00:00,56,California,1531.64
987,86,Product B,Home,475.88,4,221,2023-10-28 16:00:00,21,New York,1903.52
988,90,Product D,Beauty,354.24,1,22,2023-05-23 18:00:00,20,Texas,354.24
989,44,Product C,Electronics,156.05,2,180,2023-06-07 15:00:00,46,Texas,312.1
990,25,Product D,Electronics,61.63,1,231,2023-08-15 03:00:00,69,California,61.63
991,17,Product D,Beauty,393.09,1,38,2023-10-20 03:00:00,28,Texas,393.09
992,13,Product D,Beauty,325.63,2,70,2023-12-02 12:00:00,50,Florida,651.26
993,84,Product A,Clothing,33.61,4,116,2023-06-04 05:00:00,55,New York,134.44
994,25,Product C,Beauty,186.42,3,239,2023-04-08 21:00:00,28,California,559.26
995,68,Product C,Clothing,478.83,1,148,2023-10-20 03:00:00,44,Florida,478.83
996,10,Product D,Electronics,255.2,2,9,2023-10-21 23:00:00,50,New York,510.4
997,67,Product A,Clothing,222.04,1,288,2023-02-20 12:00:00,38,Florida,222.04
998,18,Product A,Beauty,234.27,2,50,2023-10-18 05:00:00,56,California,468.54
999,100,Product C,Electronics,112.35,3,5,2023-10-07 08:00:00,48,California,337.04999999999995
1000,86,Product A,Home,190.67,3,126,2023-11-06 17:00:00,55,Florida,572.01
